,city,date,polarity,state,text
0,Fontana,Thu Dec 06 19:03:42 +0000 2018,0.5875,CA,@garrettlomanto Erika McNutt! Lol Iâ€™m so excited
0,Waianae,Sat Dec 08 20:52:05 +0000 2018,0.0,HI,"https://t.co/S4oWTeAfVB - ( Blog This Link ) | Tracy Shapoff: #TheBachelor Contestant Caught Using Slurs, Fat-Shamiâ€¦ https://t.co/xDgqhcFEIi"
0,Dundee,Tue Dec 11 23:12:52 +0000 2018,0.6,MI,#Thanks to Heather Martin for giving an #excellent #guest #lecture about her non-profit @youth.arts.alliance that dâ€¦ https://t.co/HMYwOYeRmE
0,Commerce,Fri Dec 14 21:45:33 +0000 2018,0.0,MI,"Will @abexlumberg (Alex Blumberg, CEO of Gimlet Media) add me on Fitbit?"
0,Columbus,Sat Dec 15 20:52:15 +0000 2018,0.0,OH,@han7286 @hannahbrown7843 @TheGrinch2000 https://t.co/px9tjNCopW
0,St Augustine Beach,Tue Jan 01 17:51:49 +0000 2019,0.39545454545454545,FL,Began the beautiful morning and New Year ğŸŒ·â˜€ï¸ gentle sunrise yoga led by Erin Landry ğŸ§˜ğŸ»â€â™€ï¸embassysuitesstaugustinebeâ€¦ https://t.co/IdNxWqi83L
0,Carlsbad,Sat Jan 05 19:50:39 +0000 2019,-0.05,CA,@alyssakara Heather Martin! Sheâ€™s like the skinniest thing on the planet with insanely long blond hair.
0,Atlanta,Sun Jan 06 20:47:17 +0000 2019,0.11818181818181818,GA,Made a new blog post of my shoot with Hannah Godwin. I also talk about how I developed my photographic style.â€¦ https://t.co/Iikxb5rLFG
0,Sheridan,Mon Jan 07 23:11:02 +0000 2019,0.55,WY,My pick to win Coltonâ€™s heart on the Bachelor is @alexdillon60. As she seems to be the most sincere and genuine.
0,Tuscaloosa,Tue Jan 08 21:15:17 +0000 2019,0.0,AL,"For you #TheBachelor fans, thereâ€™s a girl from Alabama on the show. Her name is Hannah Brown and I spoke with her lâ€¦ https://t.co/XmS7BzWLAr"
1,Sugarmill Woods,Tue Jan 08 11:42:37 +0000 2019,0.0,FL,@madamspeaker Cassie Randolph.
0,Vestavia Hills,Wed Jan 09 15:53:22 +0000 2019,0.0,AL,@James_Twits @colton Hannah Godwin!
1,Boston,Wed Jan 09 20:41:17 +0000 2019,0.0,MA,"Please get @alexdillon60 a one way ticket to Paradise, yesterday. #TheBachelor #Titletown https://t.co/PQTGWzQHup"
0,Los Angeles,Thu Jan 10 21:14:44 +0000 2019,0.0,CA,Hi! I wrote a comedy song tribute to the Sloth Girl ( @alexdillon60 ) from #TheBachelor . For Sloth Girl fans everyâ€¦ https://t.co/iTu2vMO8gN
1,Weatherford,Thu Jan 10 21:15:54 +0000 2019,0.3,OK,"RT to ruin a girls day.

Cassie Randolph gets the final rose."
2,Weatherford,Thu Jan 10 21:18:09 +0000 2019,0.3,OK,"RT to ruin a girls day.

     Cassie Randolph wins."
0,Vermillion,Sat Jan 12 22:21:11 +0000 2019,0.0,SD,Cassie Randolph gets the final ğŸŒ¹
0,San Jose,Sun Jan 13 23:05:06 +0000 2019,0.0,CA,so what's your ethnicity @SydneyLotuaco
1,San Jose,Sun Jan 13 18:28:52 +0000 2019,0.5,CA,"@SydneyLotuaco just seen u on the Bachelor, u r definitely my favorite ğŸ”¥"
0,Mountain View,Tue Jan 15 19:06:49 +0000 2019,0.5,CA,@caelynnmk I was thinking more of Vanessa Lachey
0,Savage,Wed Jan 16 21:40:27 +0000 2019,0.0,MD,@newstouse @CassieRandolph Trade ya. https://t.co/VVqpJNxrDO
1,Savage,Wed Jan 16 21:42:52 +0000 2019,0.5,MD,@newstouse @CassieRandolph Yes...everything is more tolerable when I have flip flops on...I love wearing them in the rain.
0,Desoto,Fri Jan 18 16:20:42 +0000 2019,0.0,TX,@demi_burnett @allyyySOONNN ğŸ¤£ğŸ¤£ğŸ¤£ I canâ€™t deal with you boneega
0,Greece,Sun Jan 20 16:49:56 +0000 2019,0.0,NY,@TahzjuanHawkins wassup?
1,Elyria,Sun Jan 20 19:13:41 +0000 2019,0.65,OH,"If @demi_burnett doesn't win this season of the Bachelor, all of my faith in love is gone. ğŸ˜ğŸ˜‚ #loveher #getitgirl"
0,The Colony,Mon Jan 21 20:06:14 +0000 2019,0.0,TX,"Tonights episode of The Bachelor presents:
Pageant Battle Royale  
#TheBachelor 
@caelynnmk @hannahkbrown11 @colton https://t.co/7J6Rr2jKv2"
1,Desoto,Mon Jan 21 20:59:52 +0000 2019,0.0,TX,@demi_burnett Send the girl an autograph ğŸ¤ª
0,Austin,Tue Jan 22 20:22:18 +0000 2019,0.0,TX,@demi_burnett queen
1,Chesapeake,Tue Jan 22 20:55:39 +0000 2019,0.5,VA,"Our principals in @cpschools are the best ever! A big THANK YOU to Jeff Johnson, Craig Mills. Heather Martin, Jimmyâ€¦ https://t.co/2nvn9UNGXx"
2,Austin,Tue Jan 22 22:46:38 +0000 2019,0.0,TX,@KirpaSudick is the prettiest girl on the bachelor donâ€™t @ me
3,San Marcos,Tue Jan 22 22:57:09 +0000 2019,-0.16666666666666666,TX,@demi_burnett Lmfaoooooooooooo they donâ€™t know you team black donâ€™t crack
4,Tyhee,Tue Jan 22 21:02:23 +0000 2019,0.8,ID,if @CassieRandolph doesnâ€™t win the bachelor I will be pissed
0,Marietta,Wed Jan 23 15:07:44 +0000 2019,0.0,GA,@demi_burnett Tell them to put some respect on your name
1,Greenbelt,Wed Jan 23 15:14:05 +0000 2019,0.5,MD,Completely in love w Demi Burnett ğŸ’˜ğŸ’˜ğŸ’˜ğŸ’˜ğŸ’˜ğŸ’ğŸ˜
2,Pinellas Park,Wed Jan 23 15:34:50 +0000 2019,0.5,FL,"@demi_burnett Girl, I love you."
3,Denton,Wed Jan 23 15:55:32 +0000 2019,0.0,TX,@demi_burnett @damollaaa @swaggyheks1 lmaooooo
4,Alton,Wed Jan 23 18:24:25 +0000 2019,0.25,IL,@ShauniBird @demi_burnett Tommy Lauren is the girl with the tv show and piping hot takes and stances. Gun girl is dâ€¦ https://t.co/UsVX0O0fHA
5,Alton,Wed Jan 23 18:24:43 +0000 2019,0.4,IL,@ShauniBird @demi_burnett CONFIRMED: Demi does look like gun girl
6,Towson,Wed Jan 23 18:37:57 +0000 2019,0.25,MD,@demi_burnett is a funny ass bitch omfg
7,Philadelphia,Wed Jan 23 18:58:29 +0000 2019,0.3,PA,@demi_burnett I donâ€™t watch this dumbass show but I hope she wins
8,Raleigh,Wed Jan 23 19:07:16 +0000 2019,0.0,NC,@machsahl @melll_b12 @demi_burnett ğŸ¤¦ğŸ½â€â™€ï¸ğŸ¤¦ğŸ½â€â™€ï¸ğŸ¤¦ğŸ½â€â™€ï¸ğŸ¤¦ğŸ½â€â™€ï¸ yuck
9,Edmond,Wed Jan 23 19:38:44 +0000 2019,0.5,OK,I kinda love @demi_burnett and I canâ€™t explain it.
10,Newark,Wed Jan 23 19:40:01 +0000 2019,0.0,OH,if @demi_burnett isnt the next bachelorette IM NOT WATCHING
11,North Highlands,Wed Jan 23 20:02:41 +0000 2019,0.0,CA,@demi_burnett @Ninaaharrison LMFAOOOO
12,Indianapolis,Wed Jan 23 20:04:58 +0000 2019,0.0,IN,@demi_burnett donâ€™t watch but now iâ€™m going to
13,Kyle,Wed Jan 23 20:08:49 +0000 2019,0.8,TX,@demi_burnett keep being great dem dem. born for this life ğŸ˜‚
14,Watauga,Wed Jan 23 20:12:51 +0000 2019,0.6,TX,@demi_burnett Ur my fav forget them lmao
15,Queens,Wed Jan 23 20:31:55 +0000 2019,0.0,NY,@TomDurante @BachelorABC @demi_burnett @TomiLahren @MarisaDellatto @nypost They look nothing alike.
16,Lancaster,Wed Jan 23 20:40:34 +0000 2019,-0.15000000000000002,CA,I fucking love @demi_burnett she cracks me tf up and people hate on her for nothing.
17,Manhattan,Wed Jan 23 20:54:11 +0000 2019,0.0,NY,@demi_burnett WE GOING âœˆï¸ MURDER???
18,Manhattan,Wed Jan 23 20:55:49 +0000 2019,-0.04999999999999999,NY,i guess i should watch the bachelor this season since my love @demi_burnett is on it and I KNOW her ass is bein crazy
19,Greenbelt,Wed Jan 23 16:22:16 +0000 2019,0.0,MD,When me and @demi_burnett get marriedğŸ¥°ğŸ™ˆ &gt;&gt;&gt;&gt;&gt;
20,Hillsboro,Wed Jan 23 16:25:28 +0000 2019,0.0,OR,"@demi_burnett Come on!  Who wouldnâ€™t want to be an 83% match to Toni Lauren?

ğŸ¤£ğŸ¤£ğŸ¤£"
21,Hillsboro,Wed Jan 23 16:26:02 +0000 2019,0.0,OR,"@demi_burnett Come on!  Who wouldnâ€™t want to be an 83% match to Toni Lahren?

ğŸ¤£ğŸ¤£ğŸ¤£"
22,Hillsboro,Wed Jan 23 16:28:50 +0000 2019,0.049999999999999996,OR,"@demi_burnett Come on!  Who wouldnâ€™t want to be an 83% match to Tomi Lahren?

ğŸ¤£ğŸ¤£ğŸ¤£

As long as youâ€™re not a vapid trâ€¦ https://t.co/fIU2SIEdH8"
23,West Warwick,Wed Jan 23 16:33:44 +0000 2019,0.4,RI,@demi_burnett @JohnGreb4 - OMG Greb.  Turn towards the light.
24,Las Vegas,Wed Jan 23 16:35:33 +0000 2019,0.0,NV,@demi_burnett @TeeMani_ https://t.co/0GASKMzUwn
25,Mesa,Wed Jan 23 22:11:11 +0000 2019,0.0,AZ,"@demi_burnett Is the only reason I watch the bachelor now. 
No one likes her cause she has the confidence, hair, anâ€¦ https://t.co/umeADtUte2"
26,Paradise,Wed Jan 23 22:13:01 +0000 2019,0.0,CA,@demi_burnett @FreshJo7 Lmaoooooo
27,Mesa,Wed Jan 23 22:45:59 +0000 2019,1.0,AZ,"I wanna be friends with @demi_burnett 

Sheâ€™s perfect."
28,Sacramento,Wed Jan 23 22:58:56 +0000 2019,0.65,CA,I love @demi_burnett I hope you win sis ğŸ’•
29,Gas City,Wed Jan 23 17:16:25 +0000 2019,0.0,IN,"@micaela_ayye read her bio, itâ€™s so demi ğŸ˜‚ğŸ˜‚ @demi_burnett"
30,San Jose,Wed Jan 23 17:57:51 +0000 2019,0.0,CA,@SydneyLotuaco hi you are a queen! Thank you for the Asian representation on #TheBachelor idk if I wanna root for yâ€¦ https://t.co/X2hjCOxmuI
31,Alton,Wed Jan 23 17:59:00 +0000 2019,0.2857142857142857,IL,@demi_burnett @ShauniBird I donâ€™t get it...whoâ€™s the girl on the right?
32,McAllen,Wed Jan 23 23:03:55 +0000 2019,-0.8,TX,@demi_burnett Youâ€™re annoying af
33,Elkhart,Wed Jan 23 23:14:34 +0000 2019,0.3444444444444445,IN,Following @demi_burnett on all social media platforms is the best decision I have made ğŸ˜‚ğŸ™ŒğŸ»
34,Timberwood Park,Wed Jan 23 23:54:55 +0000 2019,-0.2,TX,if @demi_burnett doesn't end up marrying colton in the end i may have to go ape shit
35,Brooklyn,Wed Jan 23 13:00:00 +0000 2019,0.0,NY,@demi_burnett https://t.co/JYcz3eUFVX
36,Houston,Wed Jan 23 12:11:17 +0000 2019,-0.75,TX,@A9ER @demi_burnett She said yâ€™all got her fucked up! https://t.co/9kpeFEW9y0
37,Boston,Wed Jan 23 21:03:29 +0000 2019,0.0,MA,"@caelynnmk Diabolical move, but... https://t.co/fomEWANQPE"
38,Oklahoma City,Wed Jan 23 21:14:43 +0000 2019,0.0,OK,@BETTAYYYY @valpalnicole @demi_burnett Sheâ€™s the Alpha ğŸ’¯
39,Desoto,Wed Jan 23 21:28:49 +0000 2019,0.5,TX,@demi_burnett My favorite part ğŸ˜‚ğŸ˜‚ğŸ˜‚ğŸ˜­ğŸ˜­ğŸ˜­
40,Melbourne,Wed Jan 23 21:37:01 +0000 2019,0.3333333333333333,FL,@demi_burnett Not even close! Demi is way better looking. My bet she is a way better human being too ğŸŒ¸
41,Columbus,Wed Jan 23 21:40:01 +0000 2019,-0.25,OH,@demi_burnett @morganbsachs Iâ€™m crying!  ğŸ˜‚
0,Fresno,Thu Jan 24 19:02:04 +0000 2019,0.0,CA,@demi_burnett Demi&gt;&gt;&gt;Corrine
1,Tempe,Thu Jan 24 19:03:43 +0000 2019,0.26944444444444443,AZ,@skumdad @colton @demi_burnett I Stan Demi so hard ok lmao
2,Lancaster,Thu Jan 24 19:20:57 +0000 2019,0.0,CA,@demi_burnett Make him your date to it please
3,Coral Gables,Thu Jan 24 23:43:34 +0000 2019,0.0,FL,@demi_burnett @MRierieg @benihana123
4,Pico Rivera,Thu Jan 24 18:40:28 +0000 2019,0.0,CA,"@DJ_Texas19 @demi_burnett Tomiâ€™s racist and ignorant, though."
5,Pecan Plantation,Thu Jan 24 17:24:32 +0000 2019,0.020833333333333332,TX,Iâ€™ve only been on my social media to see @demi_burnett tweets! ğŸ¥° #SavageQueen
6,Tempe,Thu Jan 24 17:26:06 +0000 2019,0.73828125,AZ,"@colton @demi_burnett prettiest, carefree, and most lovable!!!"
7,Enterprise,Thu Jan 24 20:18:19 +0000 2019,0.5,NV,@demi_burnett Ok me @_valentinalv
8,Los Angeles,Thu Jan 24 20:37:00 +0000 2019,0.0,CA,@demi_burnett @Kellybakess
9,Pico Rivera,Thu Jan 24 20:52:18 +0000 2019,0.0,CA,@DJ_Texas19 @demi_burnett Mommyâ€™s a republican and hates her too bud â˜ºï¸
0,Northport,Fri Jan 25 15:20:07 +0000 2019,0.625,AL,@demi_burnett Better be invited Boo ! https://t.co/CAkqbak4we
0,Los Angeles,Sat Jan 26 19:23:40 +0000 2019,0.0,CA,"bri_ashbarnes for #ss19 @ Los Angeles, California https://t.co/D9VAOAheO2"
0,Lodi,Sun Jan 27 17:15:41 +0000 2019,-0.390625,CA,hannah b is a jealous mean girl. leave @caelynnmk alone! #TheBachelor #TeamCaelynn
0,Red Oak,Tue Jan 29 23:05:17 +0000 2019,0.0,TX,@demi_burnett Wine
1,Napa,Tue Jan 29 23:15:02 +0000 2019,0.0,CA,@libbydearborn @demi_burnett No you donâ€™t
2,Brooklyn,Tue Jan 29 23:49:01 +0000 2019,-0.3333333333333333,NY,@demi_burnett is seriously my mood all 2019 â¤ï¸â¤ï¸ https://t.co/MGXxMYIynq
3,Watertown,Tue Jan 29 18:58:55 +0000 2019,0.1,MA,"#TheBachelor - wow. I felt that @caelynnmk , thank you for telling your story. I wish I had some of your bravery. Tâ€¦ https://t.co/FXFn6a0vH0"
4,San Marcos,Tue Jan 29 17:27:03 +0000 2019,-0.4,TX,ALL THIS @demi_burnett HATE ON LAST NIGHTs ePISODE IS NOT IT
5,Richmond,Tue Jan 29 14:06:02 +0000 2019,-0.5,VA,. @caelynnmk Iâ€™m so sorry about what happened to u &amp; feel for u but question.. why not use ur experience as a platfâ€¦ https://t.co/UQN7f2M4Py
6,Brooklyn,Tue Jan 29 14:31:56 +0000 2019,0.17045454545454544,NY,Episode 3 is live now featuring Alex Blumberg the co-founder of @Gimletmedia ! Link in bio https://t.co/SSLqKqcAOI
7,Norman,Tue Jan 29 19:10:39 +0000 2019,0.9,OK,when @CassieRandolph said â€œbut i am so happy for caelynn.â€ best friend goals https://t.co/5XJk4v4zlt
8,College Station,Tue Jan 29 19:29:20 +0000 2019,1.0,TX,Me and @demi_burnett would be best friends and Iâ€™m LIVING for her
9,Orangevale,Tue Jan 29 19:38:49 +0000 2019,1.0,CA,Very brave of @caelynnmk
10,Amherst,Tue Jan 29 21:47:16 +0000 2019,0.5,NH,@demi_burnett and we love you for it
11,Downey,Tue Jan 29 21:50:59 +0000 2019,0.45,CA,Okay hi @bachelorabc @TayshiaAdams rockin our OBSESSIONS TURTLENECK âš¡ï¸ available nowã€°ï¸ @ GypsyQueen https://t.co/490rgTzOla
12,Columbus,Tue Jan 29 20:12:07 +0000 2019,0.5,OH,ok @caelynnmk is literal perfection ğŸ¤©ğŸ¤©
13,Chapel Hill,Tue Jan 29 15:35:40 +0000 2019,0.75,NC,ok but i NEED to find out what hair products @demi_burnett uses bc that is the best head of hair iâ€™ve ever seen
14,Corona,Tue Jan 29 22:19:56 +0000 2019,0.26666666666666666,CA,@caelynnmk is literally so strong I could never imagine wow :â€™( #TheBachelor
15,Austin,Tue Jan 29 22:45:50 +0000 2019,0.7,TX,@demi_burnett omfg a queen we stan btw loved you ln â¤ï¸
0,Eugene,Wed Jan 30 22:00:11 +0000 2019,0.0,OR,@demi_burnett https://t.co/52UCUmlTf9
1,Louisville,Wed Jan 30 22:32:03 +0000 2019,-0.2916666666666667,KY,I am shipping @demi_burnett and @realChadJohnson hard. #TheBachelor
2,Roswell,Wed Jan 30 21:56:23 +0000 2019,0.0,GA,@demi_burnett Iâ€™m here for it!
3,Boston,Wed Jan 30 21:58:08 +0000 2019,-0.03571428571428571,MA,"@meganleemorse @demi_burnett Isnâ€™t that what every single contestant does?

Whenâ€™s the last time you heard the Bachâ€¦ https://t.co/XoZRrdMnGO"
4,Fort Belvoir,Wed Jan 30 20:09:55 +0000 2019,0.0,VA,@hannahgutierre0 @demi_burnett stop forgetting about me. iâ€™m a gem.
5,Manhattan,Wed Jan 30 12:42:16 +0000 2019,0.0,NY,@KirpaSudick ğŸ˜‚ ily
6,Huntsville,Wed Jan 30 15:00:18 +0000 2019,0.5,TX,Okay but @demi_burnett how do u feel that Courtney AND Tracy both got eliminated this week??? ğŸ¤¨
7,Kokomo,Wed Jan 30 15:58:14 +0000 2019,0.0,IN,@demi_burnett weâ€™re all rooting for you
8,Kokomo,Wed Jan 30 16:05:38 +0000 2019,0.0,IN,We Stan @demi_burnett
9,Marshall,Wed Jan 30 16:37:40 +0000 2019,0.375,TX,"@demi_burnett is my spirit animal, and Iâ€™m pretty sure all my roommates can agree."
10,Marshall,Wed Jan 30 16:41:27 +0000 2019,0.375,TX,"@demi_burnett is my spirit animal, and Iâ€™m pretty sure all my roommates can agree. https://t.co/Xovdzyg5o9"
11,Boston,Wed Jan 30 19:03:06 +0000 2019,0.31666666666666665,MA,I still canâ€™t believe that @demi_burnett successfully got Courtney AND Tracy sent home the same night. Absolutely lâ€¦ https://t.co/1le7TZ1Syo
12,Fort Belvoir,Wed Jan 30 19:41:45 +0000 2019,0.0,VA,@hannahgutierre0 @demi_burnett why bitch you are friends w me.
0,Brooklyn,Thu Jan 31 20:22:17 +0000 2019,0.43,NY,A very real and honest clip from my conversation with Alex Blumberg ğŸ‘‡ https://t.co/YewIrUdq9B
1,Mountain View,Thu Jan 31 18:28:12 +0000 2019,-0.6,CA,@SydneyLotuaco pancit and chicken adobo are some of my faves ğŸ˜
2,Tyler,Thu Jan 31 15:32:46 +0000 2019,0.0,TX,I got Cassie! https://t.co/8xFqWcSDAA yessss sheâ€™s my fav! been rooting for you from the start girl! @CassieRandolph
0,Eugene,Fri Feb 01 21:33:57 +0000 2019,0.0,OR,@thereidfeed @demi_burnett Saying goodbye to the toxicity in 2019 like https://t.co/QQekLGPrJn
1,Pinecrest,Fri Feb 01 19:54:07 +0000 2019,0.0,FL,@TayshiaAdams ğŸ˜‚ğŸ†
0,Glenvar Heights,Sat Feb 02 21:48:36 +0000 2019,0.5,FL,I dno about yaâ€™ll but @demi_burnett is now my favorite person on TV.
1,Coxs Corner,Sat Feb 02 17:57:20 +0000 2019,0.48333333333333334,NJ,"Okay ngl @demi_burnett is really stepping up in this episode, YOU GO, get that rose!"
0,Fort Smith,Sun Feb 03 21:13:42 +0000 2019,0.3333333333333333,AR,@demi_burnett me and you both. But you can still catch me at a super bowl party eating all the food
1,Clifton,Sun Feb 03 21:23:36 +0000 2019,0.0,NJ,@demi_burnett whyyyyy
2,Iowa City,Sun Feb 03 21:45:04 +0000 2019,0.0,IA,@demi_burnett Pizza
0,Melbourne,Mon Feb 04 15:41:20 +0000 2019,0.5,FL,Hopefully tonight is the night @colton clears that fence like a champ and my all time favorite @CassieRandolph getsâ€¦ https://t.co/8GGf2WWu5E
1,Chicago,Mon Feb 04 15:45:27 +0000 2019,0.0,IL,@demi_burnett your bio is trash
2,North Huntingdon,Mon Feb 04 16:55:07 +0000 2019,0.0,PA,tonight is @CassieRandolph &amp; @colton one on one date on @BachelorABC !!! iâ€™ve been waiting for this all season so fâ€¦ https://t.co/iOoqjoooDB
0,Indianapolis,Sun Feb 10 16:50:17 +0000 2019,0.8,IN,"If @demi_burnett doesnâ€™t win the bachelor, Iâ€™m fighting everyone."
1,Northport,Sun Feb 10 15:29:13 +0000 2019,0.26666666666666666,AL,"I had a dream last night me &amp; @CassieRandolph met on a beach trip, hungout the whole week, but then I woke up &amp; broke my own heart ğŸ˜‚ğŸ˜‚"
2,Northport,Sun Feb 10 15:32:26 +0000 2019,0.1,AL,"I had a dream last night me &amp; @CassieRandolph met on a beach trip, hungout the whole week, but then I woke up &amp; broâ€¦ https://t.co/5h4MD35Jic"
3,Weatherford,Sun Feb 10 20:19:27 +0000 2019,0.3,OK,canâ€™t wait until @CassieRandolph wins the bachelor #TeamCASSIE
0,San Marcos,Mon Feb 11 18:05:46 +0000 2019,0.0,TX,Me waking up on bachelor Monday #TheBachelor @demi_burnett https://t.co/oJqyLJdOwq
1,Wichita Falls,Mon Feb 11 18:10:50 +0000 2019,-0.15555555555555559,TX,i canâ€™t wait to see @demi_burnett throw down tonight ğŸ¥Š
2,Fort Worth,Mon Feb 11 18:22:43 +0000 2019,0.5,TX,"@demi_burnett I love you, youâ€™re a queen"
3,Pasadena,Mon Feb 11 18:42:42 +0000 2019,0.5,TX,I love Mondayâ€™s now because I get to see my favorite trio @demi_burnett and both Hannahâ€™sâ¤ï¸ #TheBachelor
4,Red Oak,Mon Feb 11 21:55:32 +0000 2019,0.5,TX,Iâ€™ve been binge watching The Bachelor and I think Iâ€™ve fallen in love with @demi_burnett
5,Houston,Mon Feb 11 20:02:39 +0000 2019,0.25,TX,@demi_burnett u look like ur walking slowly thru a haunted house lol
6,Boston,Mon Feb 11 19:58:44 +0000 2019,0.0,MA,@demi_burnett #TheBachelor https://t.co/rY6LzC5Xxr
7,Bowling Green,Mon Feb 11 15:22:51 +0000 2019,0.0,OH,@demi_burnett Iâ€™ve peaked https://t.co/ShRgk4f8Yb
0,Knoxville,Tue Feb 12 16:04:59 +0000 2019,0.0,TN,@KirpaSudick is stunnnnnnnning
1,Omaha,Tue Feb 12 16:30:08 +0000 2019,0.625,NE,I think Colton was intimidated by @demi_burnett and she deserves better then that!
2,Tupelo,Tue Feb 12 16:59:58 +0000 2019,0.0,MS,@aking025 @demi_burnett Mmmmm. She only starts drama ğŸ¤¦ğŸ»â€â™€ï¸
3,Ferry Pass,Tue Feb 12 19:06:46 +0000 2019,0.0,FL,mood when @demi_burnett left https://t.co/UJdTiTKCoU
4,Stephenville,Tue Feb 12 19:17:23 +0000 2019,-0.3125,TX,"I mean, Iâ€™d go on a one on one with @demi_burnett ğŸ¤·ğŸ¼â€â™€ï¸"
5,Lakeland Heights,Tue Feb 12 11:15:23 +0000 2019,0.0,TX,@demi_burnett DID THAT JUST HAPPEN?! I WAITED UP TILL FOUR AM TO WATCH THIS ON HULU FOR YOU TO BE SENT HOME?!?!?! https://t.co/Oz9as91uZU
6,Mill Creek,Tue Feb 12 23:04:01 +0000 2019,0.0,WA,I would like @hellokatiemo to be the next bachelorette please &amp; thank you ğŸŒ¹
7,South Orange,Tue Feb 12 23:57:42 +0000 2019,0.0,NJ,Iâ€™m no longer watching this season of the #Bachelor now that @demi_burnett is gone. https://t.co/4lTHEBpkW2
8,Fort Collins,Tue Feb 12 23:58:18 +0000 2019,0.0,CO,Same though @demi_burnett
9,Tupelo,Tue Feb 12 18:18:46 +0000 2019,0.06666666666666667,MS,@aking025 @demi_burnett @hannahkbrown11 Yessss. Love her. But no. Demi is crazy. We all know who wins anyways. ğŸ™„
10,Laramie,Tue Feb 12 18:20:24 +0000 2019,0.0,WY,@Truly_Eri @demi_burnett @stevie_moyles
11,Vacaville,Tue Feb 12 13:20:26 +0000 2019,0.0,CA,@demi_burnett Big hugs to you darling
12,San Diego,Tue Feb 12 13:23:22 +0000 2019,0.75,CA,@costa1360 @demi_burnett hahahah! Why would that ever be a group date. I was loving it!
13,Delray Beach,Tue Feb 12 13:41:02 +0000 2019,0.5,FL,@TommyG @demi_burnett Cringeworthy and hilarious
14,Halfmoon,Tue Feb 12 17:30:33 +0000 2019,0.05,NY,Work got busy so I missed the @demi_burnett scene last night. And just wanna say â€” #DEMIforBACHELORETTE @BachelorABC https://t.co/qzcPvMBW2T
15,Rockwall,Tue Feb 12 17:50:58 +0000 2019,0.0,TX,@JordanMcCuistio @demi_burnett @dreamboathannie Oh yes you will
16,Schererville,Tue Feb 12 12:22:20 +0000 2019,-0.4,IN,@reelnerdy @superinspired67 @demi_burnett ğŸ˜‚ She needs one now ğŸ˜­. Poor Demi
17,Kansas City,Tue Feb 12 12:47:28 +0000 2019,0.2,MO,@demi_burnett You will find it. Itâ€™s a shame producers of the show donâ€™t reveal the real Demi until the end. You ARâ€¦ https://t.co/hx3gsPCT3O
18,St Louis,Tue Feb 12 12:58:24 +0000 2019,0.625,MO,@CraigSmylie @demi_burnett You should know better and mute everyone like I do!
19,Miami,Tue Feb 12 14:11:25 +0000 2019,0.5,FL,@demi_burnett you will be missed. Will love to see you in paradise.ğŸŒ´
20,Kansas City,Tue Feb 12 14:13:34 +0000 2019,0.0,MO,@demi_burnett as the next bachelorette!!!
21,Broomfield,Tue Feb 12 14:29:21 +0000 2019,1.0,CO,@demi_burnett was the best part of #TheBachlor  ğŸ’” https://t.co/rMnch6LAgX
22,Warrensburg,Tue Feb 12 14:49:13 +0000 2019,0.0,MO,@1111Lauren @demi_burnett Ty for ruining it for me
23,Lincoln,Tue Feb 12 20:31:42 +0000 2019,0.0,NE,Smh whyâ€™d Colton do my girl @demi_burnett like that
24,San Angelo,Tue Feb 12 20:33:45 +0000 2019,0.8,TX,If @CassieRandolph doesnâ€™t win the bachelor Iâ€™ll never watch another season again ğŸ™‚
25,North Las Vegas,Tue Feb 12 21:03:54 +0000 2019,0.0,NV,"not going to lie, i cried when @demi_burnett  left ğŸ˜­ğŸ˜­ğŸ˜­"
26,Mill Valley,Tue Feb 12 21:12:45 +0000 2019,0.2857142857142857,CA,@POPSUGAR @CassieRandolph Read Reality Steve and youâ€™ll know if youâ€™re right
27,Evansville,Tue Feb 12 21:22:51 +0000 2019,0.0,IN,Can we get some justice for @demi_burnett?? Please make her the bachelorette
28,Dishman,Tue Feb 12 21:41:02 +0000 2019,0.5,WA,@demi_burnett YOU DESERVE BETTER GIRL COLTON IS TRASH
29,Reno,Tue Feb 12 21:51:35 +0000 2019,0.0,NV,"if @CassieRandolph doesnâ€™t get engaged to @colton by the end of this season, Iâ€™m never watching this show again ğŸ˜‚"
30,Bloomsburg,Tue Feb 12 21:58:07 +0000 2019,0.3333333333333333,PA,@demi_burnett  BETTER BE THE NEXT BACHELORETTE / ON PARADISE. love you bitchğŸ¸ğŸ’•ğŸ‘‘ğŸ’‹
31,Queens,Tue Feb 12 15:03:56 +0000 2019,0.0,NY,Itâ€™s so weird to see ex beauty pageant @caelynnmk  in  this show #TheBachelori .....btw she is the second most beauâ€¦ https://t.co/hZZCqihXPM
32,Knoxville,Tue Feb 12 15:34:39 +0000 2019,0.0,TN,@hellokatiemo gives me bachelorette vibes
33,Alpharetta,Tue Feb 12 15:55:07 +0000 2019,0.0,GA,@demi_burnett is such a sweetheart and she deserves the world ğŸ¥ºğŸ’“
0,Desoto,Wed Feb 13 17:14:18 +0000 2019,0.8,TX,@BESTFRIENDSK9 @BachPartyPod @demi_burnett Whereâ€™s your picture???? Lol
1,Jollyville,Wed Feb 13 21:59:16 +0000 2019,0.0,TX,LISTEN. Iâ€™ve never watched the bachelor but I did this season bc I kept seeing memes about @demi_burnett and was liâ€¦ https://t.co/qsBKT8vdXt
2,Reno,Wed Feb 13 20:03:09 +0000 2019,0.46666666666666673,NV,@demi_burnett Will you please be my valentine? Iâ€™m a nice guy and you deserve better than Colton. You are worth theâ€¦ https://t.co/ESqynE5AHR
3,Boston,Wed Feb 13 20:09:02 +0000 2019,0.3625,MA,@demi_burnett It won't be anywhere near as interesting without you there!
4,San Diego,Wed Feb 13 20:28:04 +0000 2019,0.2,CA,"Anyways, Iâ€™m ready for @demi_burnett to be in Paradise"
5,San Marcos,Wed Feb 13 20:50:47 +0000 2019,0.0,TX,@demi_burnett i was only watching this show bc we went to the same college and now ur gone and idk what to do ğŸ˜­
6,Benbrook,Wed Feb 13 20:59:34 +0000 2019,0.0,TX,@hellokatiemo Iâ€™d fill your car up every week
7,Chicago,Wed Feb 13 18:23:45 +0000 2019,0.8463541666666665,IL,@SydneyLotuaco thank you for being a strong woman of color role model &amp; speaking your truth!!!
8,Centerville,Wed Feb 13 18:23:48 +0000 2019,0.0,OH,"Read Heather Martinâ€™s follow-up post about Alisonâ€™s story here:
https://t.co/bPMHfql7aB
#pregnancyawareness #infantlossawareness"
9,Fort Worth,Wed Feb 13 15:59:45 +0000 2019,0.0,TX,@hellokatiemo itâ€™s his loss sweetheart
10,Chicago,Wed Feb 13 16:59:05 +0000 2019,0.0,IL,"@SydneyLotuaco is a QUEEN &amp; BACHELOR NATION DOESNâ€™T DESERVE HER

thank you for coming to my ted talk"
0,Boise,Thu Feb 14 18:16:34 +0000 2019,0.2,ID,I just watched this weekâ€™s Bachelor. @colton youâ€™re a whole dummy for sending @demi_burnett home. Your mistake willâ€¦ https://t.co/Q5aTkn0FU5
1,Boise,Thu Feb 14 21:39:51 +0000 2019,0.0,ID,@demi_burnett
2,Kerman,Thu Feb 14 22:59:37 +0000 2019,0.0,CA,@ABCNetwork Can we just make @demi_burnett The Bachelorette? Watching #TheBachelor on the DVR and Iâ€™m #SHOOK ğŸ¥º Sheâ€™â€¦ https://t.co/K9Aiew1KJW
3,Boise,Thu Feb 14 19:13:36 +0000 2019,0.0,ID,@OakmanOakman @colton @demi_burnett https://t.co/xVUh3H3UIB
4,Kerman,Thu Feb 14 23:01:53 +0000 2019,0.2375,CA,@demi_burnett Oh! Em! Gee! Burglary?!? That was an emotional SLAYING! Youâ€™re gorgeous and ambitious. Please be the next #Bachelorette ğŸ˜
5,Oklahoma City,Thu Feb 14 15:07:39 +0000 2019,0.0,OK,@demi_burnett Phoenix? Purity ring? Girl can we be friends?
0,Fort Smith,Fri Feb 15 17:17:57 +0000 2019,0.0,AR,@hannahg11 finally made a Twitter account ğŸ˜­ğŸ™ŒğŸ¼
1,Boston,Fri Feb 15 15:58:36 +0000 2019,0.0,MA,"Omg, @CassieRandolph posted this on Instagram last night!!!
 
See the rest of my work here: https://t.co/dRBVS0JWasâ€¦ https://t.co/M0JR94GYM9"
2,Austin,Fri Feb 15 13:40:36 +0000 2019,0.0,TX,@nathantelope @demi_burnett rip queen
3,Boston,Fri Feb 15 16:00:58 +0000 2019,0.0,MA,"Omg @CassieRandolph posted this on Instagram last night!!!
 
See the rest of my comparisons here:â€¦ https://t.co/5ItddddR2u"
4,Golden,Fri Feb 15 16:23:38 +0000 2019,0.0,CO,@GGL_Lopez @brudd2812 @hannahg11 You miss 100% of the shots you donâ€™t take...
5,Boca Raton,Fri Feb 15 23:19:33 +0000 2019,0.6000000000000001,FL,i think @demi_burnett would make an amazing poker tv host
0,Bloomington,Sat Feb 16 18:49:24 +0000 2019,0.0,MN,@AnthonyGrebe @hannahg11 Bro you gotta bring this one inğŸ™ğŸ¼ğŸ˜­
1,Buffalo,Sat Feb 16 22:45:08 +0000 2019,0.0,NY,damn @demi_burnett shoot me a follow tooğŸ˜› https://t.co/n1CXxV4ZkN
0,Alton,Tue Feb 19 21:12:45 +0000 2019,0.0,IL,Just when I thought I couldnâ€™t pull for @CassieRandolph any harder....she lays this on us. #TheBachlor https://t.co/6wJ3gTRw05
1,Mill Plain,Tue Feb 19 21:25:27 +0000 2019,-0.4,WA,@KirpaSudick she thinks she knows everything when youâ€™re the farthest behind girl bye ğŸ‘‹ maybe you â€œneed to go homeâ€ #thebachelor
2,Canyon,Tue Feb 19 21:26:25 +0000 2019,0.5,TX,"Favorite gif now.
@CassieRandolph @cassidyhorton17 @Veronicanorenee https://t.co/ndEDiTQqVU"
3,Des Moines,Tue Feb 19 21:33:40 +0000 2019,0.2,IA,"@KirpaSudick what. was. the. pink. book.
I just need to know ok"
4,Worcester,Tue Feb 19 21:38:53 +0000 2019,0.0,MA,@KirpaSudick I cant wait 4 @colton 2 watch the Show Back. The both of U claimed @CassieRandolph &amp; Kaylyn Acted defeâ€¦ https://t.co/8xQmjdj6qR
5,Mill Plain,Tue Feb 19 21:43:44 +0000 2019,0.0,WA,The fact that @caelynnmk shows up to her bff date go save @CassieRandolph from going home is GOALS.
6,Durant,Tue Feb 19 21:45:35 +0000 2019,0.0,OK,Bring @demi_burnett back! #coltonstruelove
7,Centerville,Tue Feb 19 19:08:25 +0000 2019,0.0,OH,Read Heather Martinâ€™s post on the importance of genetic testing by following the link below:â€¦ https://t.co/WWILKSy6nv
8,Boardman,Tue Feb 19 19:21:30 +0000 2019,0.5,OH,my favorite @CassieRandolph https://t.co/GLY07w5bsz
9,Eugene,Tue Feb 19 19:33:10 +0000 2019,0.5,OR,Hey @demi_burnett I love you back! Donâ€™t forget how fucking awesome you are. Come be my friend :)
10,Chesterfield,Tue Feb 19 19:45:24 +0000 2019,0.25,MI,@CassieRandolph I really hope you get over your old flame so you and Colton can give it a real chance. You guys are so cute together.
11,State College,Tue Feb 19 19:53:44 +0000 2019,0.0,PA,@CassieRandolph @taylor_croyle another one ğŸ˜‚
12,San Marcos,Tue Feb 19 18:05:12 +0000 2019,0.0,TX,@demi_burnett come to San Marcos and letâ€™s get lit bitchhhhhh. ğŸ»
13,Los Angeles,Tue Feb 19 18:13:10 +0000 2019,-0.1,CA,"Double trouble ğŸ‘¯â€â™€ï¸ tlabymorganstewart @MariamaDiallo__ bri_ashbarnes #tlabymorganstewart #LACbabes @ Los Angeles,â€¦ https://t.co/1m7OawrIhS"
14,Carlsbad,Tue Feb 19 22:04:56 +0000 2019,0.0,CA,"My reaction to Kirpa being sent home last night! #TheBachelor 
@CassieRandolph you my girl https://t.co/LVC9C20HvE"
15,Carlsbad,Tue Feb 19 22:23:10 +0000 2019,-0.5696614583333335,CA,@ayitskae_ @CassieRandolph I was stressing hard waiting to see who he was going to choose!!!
16,Carlsbad,Tue Feb 19 22:25:07 +0000 2019,-1.0,CA,@ayitskae_ @CassieRandolph SO annoying like girls youâ€™re going into hometowns! Put the damn claws away and just focus on Colton! ğŸ™„
17,Abilene,Tue Feb 19 16:15:45 +0000 2019,0.004166666666666661,TX,Strategically youâ€™re winning the game @TayshiaAdams but youâ€™re such a snake and gonna mess with his heart. Love ainâ€™t a game. ğŸğŸğŸ
18,Cookeville,Tue Feb 19 16:25:34 +0000 2019,-0.22685185185185186,TN,So if it doesnâ€™t come down to @caelynnmk and @CassieRandolph Iâ€™m going to be SO mad. Tasia is COMPLETELY connivingâ€¦ https://t.co/s37DH8ctRL
19,Friendship Heights Village,Tue Feb 19 14:00:12 +0000 2019,0.5,MD,@CassieRandolph is a perfect human being and I cannot think of a better match for her than @colton #TheBachelor
20,Ashburn,Tue Feb 19 14:03:47 +0000 2019,0.85,VA,@CassieRandolph Beautifully said â¤ï¸â¤ï¸
21,Olathe,Tue Feb 19 14:29:14 +0000 2019,0.049999999999999996,KS,@KirpaSudick I need to know...what was the hot pink thing? An iPad? A giant envelope? What?? #TheBachelor
22,Bowling Green,Tue Feb 19 23:10:17 +0000 2019,0.5,KY,Not a spoilerâ€” just want to make sure everyone knows that @caelynnmk is a model for @shopthepinklily bc my mind is spinning #TheBachlor
23,Washington,Tue Feb 19 23:21:09 +0000 2019,0.20000000000000004,DC,@demi_burnett sorry queen but buffalo sauce is clearly the best option
24,Chillicothe,Tue Feb 19 23:33:43 +0000 2019,1.0,OH,Everyone needs a best friend like @caelynnmk in their life â¤ï¸ğŸ™ŒğŸ»
25,Marietta,Tue Feb 19 23:48:26 +0000 2019,0.44999999999999996,GA,@demi_burnett you were really one of my fav girls on the show. Loved your personality ğŸ’— #Thebachelor
26,Marietta,Tue Feb 19 23:53:06 +0000 2019,1.0,GA,And @CassieRandolph &amp; @caelynnmk you girls are really amazing yâ€™all are also my favorites in the show!!!!!!!!!! ğŸ’•ğŸ’•#Thebachelor
27,Houston,Tue Feb 19 23:59:41 +0000 2019,0.0,TX,@demi_burnett Honey low key slaps.
28,Las Vegas,Tue Feb 19 15:58:50 +0000 2019,0.0,NV,"@kaylalahowell @colton @hannahkbrown11 @demi_burnett Preach, sister! ğŸ¤¦ğŸ¼â€â™€ï¸ğŸ¤¦ğŸ¼â€â™€ï¸ https://t.co/lNvUm8RaFB"
29,Mankato,Tue Feb 19 20:06:34 +0000 2019,0.5,MN,I need to see @demi_burnett on TV again... she better be on bachelor in paradise ğŸ–
30,Stillwater,Tue Feb 19 20:07:51 +0000 2019,0.0,OK,@caelynnmk is LITERALLY the Teresa Barbie. https://t.co/AjS3ZEUi6i
31,Las Maravillas,Tue Feb 19 20:36:20 +0000 2019,-0.3333333333333333,NM,@CassieRandolph &amp; @colton are seriously the cutest ğŸ˜­
32,Richmond,Tue Feb 19 17:37:53 +0000 2019,0.0,KY,how did the most irrelevant girl think that what she said mattered? @KirpaSudick #byebyekirpa
33,Mount Pleasant,Tue Feb 19 17:55:52 +0000 2019,-0.125,SC,@kelseymtakacs @demi_burnett Iâ€™m still disappointed no one has hit him with the â€œIâ€™d love to deflower youâ€ but maybâ€¦ https://t.co/ow3IhbIJi7
34,Lubbock,Tue Feb 19 12:29:34 +0000 2019,0.625,TX,"Okay, just marry @CassieRandolph already! Send @demi_burnett and @BachelorHannahG to Paradise and make @hannahkbrown11 the #Bachelorette ğŸ‘ğŸ¼"
35,South Burlington,Tue Feb 19 13:39:39 +0000 2019,0.19999999999999998,VT,@bree__xo @fleissmeister @KirpaSudick Honestly I was drunk but I just love her
0,Lebanon,Wed Feb 20 20:20:11 +0000 2019,0.0,TN,@demi_burnett Ranch / BBQ sauce ğŸ˜»
1,Carmel,Wed Feb 20 18:55:44 +0000 2019,0.0,IN,@alexisbhill @demi_burnett YESS
2,O'Fallon,Wed Feb 20 21:22:28 +0000 2019,0.0,MO,@pinkn00dlz @dmiramontes_ @dmiramontes_ I second this. Coordinate it with ya girl @demi_burnett
3,Los Angeles,Wed Feb 20 19:12:44 +0000 2019,0.0,CA,@demi_burnett Blair Walnuts!!!
4,Aiken,Wed Feb 20 23:26:41 +0000 2019,0.0,SC,@demi_burnett @DavidDobrik
5,Bloomsburg,Wed Feb 20 23:49:27 +0000 2019,0.0,PA,@demi_burnett the LaBrant Family @Thesupercole @SavannahSoutas
6,Basking Ridge,Wed Feb 20 15:07:38 +0000 2019,0.5625,NJ,@BrettYoungMusic @BachelorABC @colton @caelynnmk @RedRocksCO Arenâ€™t you glad you are not a bachelor any more!
7,Sparks,Wed Feb 20 15:12:26 +0000 2019,0.0,NV,@demi_burnett SARAH BASKA
8,Lebanon,Wed Feb 20 15:38:01 +0000 2019,0.0,TN,@demi_burnett @itsbl0ndie / @Jaclynhill / @nguerriero19 / @SavannahSoutas / @ashlynvanhorn ğŸ˜»ğŸ˜»ğŸ˜»ğŸ˜»
9,Kansas City,Wed Feb 20 13:35:17 +0000 2019,0.2,MO,@blenditbeauty_ @kristinaschulma @colton @CassieRandolph Absolutely agree they feel threatened by his connection with her
10,Gresham,Wed Feb 20 13:53:18 +0000 2019,0.0,OR,@demi_burnett @charllparkes â™¥ï¸â™¥ï¸â™¥ï¸
11,Toms River,Wed Feb 20 16:12:44 +0000 2019,0.5,NJ,okay but @CassieRandolph and @caelynnmk are my favorite bestfriendâ€™s on tv
12,Athens,Wed Feb 20 17:58:52 +0000 2019,0.5,GA,@demi_burnett Jenna marbles for sure
13,Winchester,Wed Feb 20 22:25:02 +0000 2019,0.22727272727272727,KY,"@demi_burnett @LifeBeingDest so u know to stay lit, stay up, &amp; stay positive â­ï¸â­ï¸â­ï¸"
0,Princeton,Thu Feb 21 13:38:23 +0000 2019,0.0,FL,@demi_burnett @Marianda0523
1,Carmel,Thu Feb 21 13:54:33 +0000 2019,0.8666666666666667,IN,"Happy Birthday to the craziest bitches Iâ€™ve never met. Youâ€™re absolutely beautiful! Have a great day, @demi_burnettâ€¦ https://t.co/zcnMB7mNYT"
2,Carmel,Thu Feb 21 13:55:23 +0000 2019,0.8666666666666667,IN,"Happy Birthday to the craziest bitch Iâ€™ve never met. Youâ€™re absolutely beautiful! Have a great day, @demi_burnett ğŸ’• https://t.co/aYM5e326Xq"
3,Daytona Beach,Thu Feb 21 17:08:29 +0000 2019,0.8,FL,@demi_burnett  happy birthday queenğŸ¥³ https://t.co/gQSSSUU8jN
4,West Hollywood,Thu Feb 21 17:18:12 +0000 2019,0.0,CA,@kyreynoldsmusic @colton @CassieRandolph EWWWWWW
5,Hutto,Thu Feb 21 17:40:42 +0000 2019,0.4,TX,"happy birthday to a queen, simple. @demi_burnett"
6,Hayward,Thu Feb 21 18:58:24 +0000 2019,-0.6999999999999998,CA,"@demi_burnett is a pisces, so now it makes sense why I wanna be her friend so badly â™“ï¸"
7,Olathe,Thu Feb 21 22:09:34 +0000 2019,0.65,KS,"Happy birthday to my FAVORITE girl to ever bless the bachelor with her presence @demi_burnett , Pop a bottle of chaâ€¦ https://t.co/b1pakowGqg"
8,Ensley,Thu Feb 21 22:16:55 +0000 2019,0.0,FL,@kaitlynbristowe @CassieRandolph @jackie_barth @taymillerlim https://t.co/hvzYjogXYL
9,Broken Bow,Thu Feb 21 21:22:44 +0000 2019,0.8,NE,"@demi_burnett Happy Birthday, DemiğŸ’—ğŸ¥‚ğŸ‰"
10,Pinewood,Thu Feb 21 21:59:33 +0000 2019,0.8,FL,Happy Birthday! @demi_burnett. Hope you have an amazing day.
11,Florence,Thu Feb 21 12:44:38 +0000 2019,0.0,AL,@demi_burnett Hey what are you doing
12,Austin,Thu Feb 21 16:13:30 +0000 2019,0.4,TX,"Happy birthday to the only reason people watched the bachelor, @demi_burnett ."
13,Conway,Thu Feb 21 16:22:18 +0000 2019,0.8,AR,"Happy b day @demi_burnett, you wouldâ€™ve got my ğŸŒ¹"
14,Sparks,Thu Feb 21 16:27:17 +0000 2019,0.4,NV,"happy birthday to the one, the only @demi_burnett ğŸŒ¹ğŸ‰ https://t.co/KGFXJrjsWr"
15,Orange,Thu Feb 21 16:46:39 +0000 2019,0.4,TX,HAPPY BIRTHDAY TO AN ACTUAL QUEEN ğŸ‘‘ @demi_burnett ğŸ’—ğŸ’—
16,Rancho Santa Margarita,Thu Feb 21 15:52:13 +0000 2019,0.0,CA,@SoCalAmy468 @CassieRandolph Ahhh that explains everything! #2hoursofsleep
17,Newport Beach,Thu Feb 21 23:25:18 +0000 2019,0.9375,CA,Oh snap! @demi_burnett is a Pisces too! No wonder why I liked her!! ğŸ¥°ğŸ  https://t.co/O4cPk5zYFU
18,Newport Beach,Thu Feb 21 23:26:25 +0000 2019,0.875,CA,Oh snap!! @demi_burnett is a Pisces too!! No wonder why I liked her! HAPPY BIRTHDAY! ğŸ¥°ğŸ ğŸŒ¹ https://t.co/DUTqcn7yJY
19,Seattle,Thu Feb 21 20:04:55 +0000 2019,0.7937500000000001,WA,happy birthday to my favorite bitch from the bachelor @demi_burnett  !!have a great day queen ğŸ’“ğŸ‘‘
0,Kent,Fri Feb 22 15:49:53 +0000 2019,0.0,OH,"@fleissmeister 1. @kristinaschulma 
2.  @caelynnmk 
3. @beccatilley5"
0,Boca Raton,Sat Feb 23 20:31:05 +0000 2019,1.0,FL,@CassieRandolph it helps so good w stomach aches too!!
1,Kutztown,Sat Feb 23 22:34:46 +0000 2019,0.0,PA,"Thatâ€™s it. Itâ€™s decided. Iâ€™m gonna be @demi_burnett for Halloween this year, stay tuned. ğŸŒ¹"
2,Radnor Township,Sat Feb 23 23:15:03 +0000 2019,0.0,PA,@demi_burnett Ur my idol
3,Vacaville,Sat Feb 23 23:50:32 +0000 2019,0.5,CA,"@demi_burnett Oh, tell me more"
4,Oakland,Sat Feb 23 17:37:31 +0000 2019,0.0,CA,Date @demi_burnett @AustinMahone https://t.co/EELPOZotb7
0,West Hollywood,Sun Feb 24 20:36:48 +0000 2019,0.0,CA,@hellokatiemo You shined! âœ¨ Hope to see you soon!
1,Charlotte,Sun Feb 24 16:35:36 +0000 2019,-0.3125,NC,OMG DOES THIS MEAN @caelynnmk WON
2,Sanibel,Sun Feb 24 22:23:42 +0000 2019,-0.6,FL,@CassieRandolph Iâ€™ve always wondered!! But are your eyes watering like crazy??
3,New Baltimore,Sun Feb 24 14:08:46 +0000 2019,0.0,VA,@demi_burnett dm @dmiramontes_ and meet him since security wouldnâ€™t let him
4,South Burlington,Sun Feb 24 15:24:23 +0000 2019,0.0,VT,@mymidnight11 @fleissmeister @KirpaSudick Ugh whatever.
5,Los Angeles,Sun Feb 24 13:30:38 +0000 2019,0.25,CA,@CassieRandolph Oh! Going to try that! Thanks!
6,Indianapolis,Sun Feb 24 23:58:17 +0000 2019,0.0,IN,@demi_burnett ğŸ’–
7,Boston,Sun Feb 24 21:16:43 +0000 2019,0.16666666666666666,MA,A quick update: @colton and @caelynnmkâ€™s snowboarding date from last Mondayâ€™s episode inspired me to hit the slopesâ€¦ https://t.co/KE49MOG4a9
0,Isla Vista,Mon Feb 25 21:04:42 +0000 2019,0.0,CA,@fleissmeister @demi_burnett @khloekardashian Hannah B!!
1,Faribault,Mon Feb 25 17:57:38 +0000 2019,0.0,MN,@CassieRandolph  just made my dayğŸ˜ https://t.co/XrNS5JO81O
2,Jacksonville Beach,Mon Feb 25 16:36:05 +0000 2019,-0.16666666666666666,FL,@BacheloretteABC Hope the spoilers are wrong but if not I definitely think @hannahg11 should be the the next Bachelâ€¦ https://t.co/21tJRLgnaZ
3,Tyler,Mon Feb 25 15:07:28 +0000 2019,0.49375,TX,itâ€™s bachelor mondayyyyy:) honestly just excited to see @CassieRandolph and her cute self ğŸ’•ğŸ’˜â¤ï¸âœ¨
4,Alafaya,Mon Feb 25 15:57:18 +0000 2019,0.0,FL,@Mike_Joseph_ @demi_burnett @kerribear94
5,Tempe,Mon Feb 25 20:41:18 +0000 2019,0.0,AZ,@caelynnmk coming back from that 1 on 1
0,Fargo,Tue Feb 26 15:37:27 +0000 2019,0.0,ND,Just watched last nights episode of @BachelorABC and Iâ€™m actually so shocked. @caelynnmk said she loved Colton andâ€¦ https://t.co/DUr7WS869C
1,Washington,Tue Feb 26 14:36:08 +0000 2019,0.625,DC,I love @TayshiaAdams she is the a baddest bitch! I already know Imma have to cuss Colton out...girl!!!#TheBachelor.
2,Monongahela,Tue Feb 26 21:17:04 +0000 2019,0.3,PA,thanks @CassieRandolph for the inspiration of red nails. in the many scenes on the bachelor i began to love the redâ€¦ https://t.co/udjZgw6Db7
3,Tualatin,Tue Feb 26 21:19:29 +0000 2019,0.48750000000000004,OR,Congrats Hannah Brown on finding your college home with @BUKnightsVBall! @NCSA_Volleyball is very excited for you!!â€¦ https://t.co/ynwnE0CWR5
4,Vista,Tue Feb 26 21:28:34 +0000 2019,0.0,CA,â€œYou donâ€™t microwave relationshipsâ€ - @TayshiaAdamsâ€™s Dad. ğŸ‘ğŸ»ğŸ‘ğŸ»ğŸ‘ğŸ» @BachelorABC
5,Albuquerque,Tue Feb 26 21:29:22 +0000 2019,0.8,NM,I wanted @caelynnmk to win so badlyğŸ˜¢ I donâ€™t even want to finish this season ğŸ˜­
6,San Francisco,Tue Feb 26 21:29:25 +0000 2019,-0.15625,CA,@paigetryan @caelynnmk You mean me. You want me as the next bachelorette.
7,Surprise,Tue Feb 26 21:45:34 +0000 2019,-0.3499999999999999,AZ,I want @demi_burnett to be the next bachelorette so bad. Sheâ€™s my fave ğŸ˜­
8,Miamisburg,Tue Feb 26 12:31:07 +0000 2019,0.0,OH,If @caelynnmk isnâ€™t the next #Bachelorette then Iâ€™m not watching ğŸ¤¦ğŸ¼â€â™€ï¸ğŸ˜«ğŸ˜­
9,Boston,Tue Feb 26 18:53:08 +0000 2019,0.0,MA,@demi_burnett Was she going to tell you that you look a lot like Demi?
10,Boca Raton,Tue Feb 26 13:00:30 +0000 2019,0.35,FL,We were really robbed of @demi_burnett iconic hometown
11,Boston,Tue Feb 26 20:02:06 +0000 2019,0.244140625,MA,@demi_burnett oh wow imagine that!!!! ğŸ˜‚ğŸ˜‚ğŸ˜‚
12,Knoxville,Tue Feb 26 20:27:15 +0000 2019,0.0,TN,If @caelynnmk isnâ€™t the next bachelorette Iâ€™m fighting Chris Harrison https://t.co/X5wZTJoahs
13,Imperial,Tue Feb 26 20:29:04 +0000 2019,0.1,PA,I really want @caelynnmk to be the next Bachelorette. #TheBachelor
14,Lodi,Tue Feb 26 23:02:42 +0000 2019,0.3866666666666667,CA,@CassieRandolph Like really like reminds me of high school lol
15,Lodi,Tue Feb 26 23:28:02 +0000 2019,-0.3333333333333333,CA,"@CassieRandolph I hope you prove ALL who say your fake wrong, I pray Christian woman still have values &amp; don't letâ€¦ https://t.co/bD6DYoPdxw"
16,Lodi,Tue Feb 26 23:52:13 +0000 2019,-0.5,CA,@CassieRandolph Reality Steve has been wrong Ix think. He gets no one in the end ( Steve says).Age shouldn't matterâ€¦ https://t.co/70j6ahoOFl
17,San Francisco,Tue Feb 26 19:12:44 +0000 2019,0.325,CA,After watching the @BachelorABC last night itâ€™s clear to me @TayshiaAdams is the perfect one for @colton . Iâ€™m very jealous..
18,Shelby,Tue Feb 26 19:28:42 +0000 2019,0.5,MI,I love @caelynnmk but Iâ€™d rather see her on Paradise than Bachelorette
19,Waukee,Tue Feb 26 19:29:11 +0000 2019,0.5,IA,I wanna be bffâ€™s w @caelynnmk like more than I want veggie pizza......... &amp; thatâ€™s saying something
20,Baton Rouge,Tue Feb 26 11:26:34 +0000 2019,-0.125,LA,@demi_burnett &amp; @hannahkbrown11 should just marry each other instead of Colton
0,Washington,Wed Feb 27 17:18:02 +0000 2019,0.0,IL,@demi_burnett is always a mood
1,Clarksville,Wed Feb 27 17:44:25 +0000 2019,-0.25,TN,@demi_burnett And thatâ€™s how you donâ€™t get a tip :/
2,Austin,Wed Feb 27 13:50:55 +0000 2019,0.0,TX,@demi_burnett My dad told my husband no take backs
3,Elizabethtown,Wed Feb 27 19:21:49 +0000 2019,0.0,KY,"QUEEN DEMI PLEASE!! ğŸ‘‘
@demi_burnett"
4,La Mesa,Wed Feb 27 18:10:31 +0000 2019,0.25055555555555553,CA,This is so hard. I love all 3. They are each amazing in their own ways. ğŸ˜­ @demi_burnett would be hands down the mosâ€¦ https://t.co/SkBbZNVYSz
5,Columbus,Wed Feb 27 18:20:00 +0000 2019,0.0625,OH,@demi_burnett @demi_burnett @demi_burnett there is no other option
6,Troy,Wed Feb 27 18:21:10 +0000 2019,-0.08333333333333333,MI,"@enews @demi_burnett Demi or Caelynn are the only two options, sorry not sorry"
7,Knoxville,Wed Feb 27 22:12:51 +0000 2019,1.0,TN,"@hannahg11 come to our bachelor watch party Monday night. Popcorn, cookies, and the greatest people and your biggest fans"
8,Spring,Wed Feb 27 11:56:46 +0000 2019,0.0,TX,@MadesynReign Team @CassieRandolph
9,Savannah,Wed Feb 27 21:37:24 +0000 2019,0.0,GA,If @caelynnmk isnâ€™t the next Bachelorette Iâ€™m not watching
10,Morton,Wed Feb 27 20:19:22 +0000 2019,0.0,IL,@KnuppelRodney @demi_burnett ğŸ‘€ğŸ‘€ğŸ‘€
11,Huntsville,Wed Feb 27 16:32:43 +0000 2019,0.16,TX,If @KirpaSudick would act her age instead of being in high school he said she said Iâ€™d probably respect her but sheâ€¦ https://t.co/DHXJszok4Z
12,Long Beach,Wed Feb 27 16:55:29 +0000 2019,0.0,CA,@stephiisabel @demi_burnett YAS
0,Greenbelt,Thu Feb 28 18:20:10 +0000 2019,0.0,MD,@demi_burnett ğŸ™ˆğŸ’˜ğŸ‘€ğŸ‘€
1,Tyler,Thu Feb 28 16:09:20 +0000 2019,-0.1,TX,"I can see @demi_burnett having a date with the guys where she makes them perform a drag show, and Iâ€™m ğŸ‘ğŸ¼ here ğŸ‘ğŸ¼ foâ€¦ https://t.co/btRNk1tn1x"
2,Corvallis,Thu Feb 28 20:43:06 +0000 2019,0.0,OR,@demi_burnett if you lookin for a re-bound I gotchu https://t.co/gmCcIktD8j
3,Houston,Thu Feb 28 13:47:57 +0000 2019,0.0,TX,@JamieSpell2 @Bridget00269999 @colton @CassieRandolph Itâ€™s Cassie
0,Lake City,Fri Mar 01 16:39:21 +0000 2019,-0.25,FL,@hannahg11 Since @colton made the wrong choice hopefully @BacheloretteABC will have you handing out roses next #hannahgForBachloretteğŸŒ¹
1,Burbank,Fri Mar 01 18:05:50 +0000 2019,-0.16666666666666666,CA,@demi_burnett @SAlovesBacon Just fed half of my bacon to my dogğŸ¶ğŸ¾
2,Anaheim,Fri Mar 01 17:41:53 +0000 2019,0.0,CA,@Brandon_Maze @mhermski @fleissmeister @hannahkbrown11 @chrisbharrison @demi_burnett @laurenzima Lauren is dating Câ€¦ https://t.co/gnPoHpC4CT
0,Brookhaven,Sat Mar 02 12:45:03 +0000 2019,0.0,GA,@demi_burnett ğŸ˜‚ğŸ˜‚ğŸ˜‚ğŸ˜‚ğŸ˜‚
0,Dallas,Sun Mar 03 21:12:35 +0000 2019,0.5625,TX,@demi_burnett Yes!!! Spilling tea is much more interesting to me!
1,White River Junction,Sun Mar 03 21:54:57 +0000 2019,0.8,VT,I hope @KirpaSudick is having a great day
2,San Marcos,Sun Mar 03 15:11:03 +0000 2019,0.5,CA,"@libbydearborn @demi_burnett This is Luna and her boyfriend , Coal . We also love u https://t.co/7smflJs0gg"
3,Norfolk,Sun Mar 03 15:23:26 +0000 2019,0.0,VA,@demi_burnett https://t.co/xlA9YqNvSo
4,San Diego,Sun Mar 03 23:23:23 +0000 2019,0.15000000000000002,CA,@k_hiky @libbydearborn @demi_burnett Hey thanks heâ€™s a model clearly
5,Tempe,Sun Mar 03 22:15:05 +0000 2019,0.0,AZ,@demi_burnett https://t.co/SB4Ah6sA0W
6,League City,Sun Mar 03 14:27:45 +0000 2019,0.0,TX,"@demi_burnett Oh, youâ€™re in for it now muahahahah."
7,Garland,Sun Mar 03 20:00:36 +0000 2019,0.0,TX,@RaelinRose @demi_burnett Twins ğŸ˜»ğŸ˜» https://t.co/sSukFhvvX4
8,Duluth,Sun Mar 03 20:04:24 +0000 2019,0.0,MN,@denyyyce @demi_burnett Omg! They look so similar ğŸ’•
9,Garland,Sun Mar 03 20:44:39 +0000 2019,0.0,TX,"@RaelinRose @demi_burnett I know, with the white underneath and the white paws !"
10,Oklahoma City,Sun Mar 03 13:20:34 +0000 2019,0.75,OK,@demi_burnett ok hear me out...we could be best friends cuz this is literally my life. Expect I donâ€™t have a cat yet.
11,Sherwood,Sun Mar 03 13:25:17 +0000 2019,0.0,WI,@demi_burnett https://t.co/m2PgUBsZFA
12,Vacaville,Sun Mar 03 13:42:24 +0000 2019,0.65,CA,@demi_burnett Sounds great darling. My cats would love that. https://t.co/sZrXQIWWTj
13,Ada,Sun Mar 03 19:36:34 +0000 2019,0.06666666666666667,OK,The next bachelorette should be @demi_burnett itâ€™s the only option really
14,Orange,Sun Mar 03 19:57:35 +0000 2019,0.0,TX,@demi_burnett @demi_burnett @demi_burnett â€¼ï¸â€¼ï¸â€¼ï¸â€¼ï¸â€¼ï¸â€¼ï¸â€¼ï¸
0,Toledo,Mon Mar 04 23:54:06 +0000 2019,0.0,OH,Iâ€™m counting on @CassieRandolph for a big performance tonight #ThisIsMarch #TheBachlor
1,South Bend,Mon Mar 04 17:07:12 +0000 2019,0.0,IN,If @CassieRandolph is sent home tonight @BachelorABC @laurengrewe is going to need therapy. ğŸ™ğŸ».
2,Oklahoma City,Mon Mar 04 14:20:39 +0000 2019,0.225,OK,@michaelstrahan @colton jumps the fence because after swearing she was ready to get married @CassieRandolph declineâ€¦ https://t.co/vVbeEb67Rq
3,Prairie View,Mon Mar 04 18:35:02 +0000 2019,0.0,TX,Vote for my freshman Hannah Brown !! #trenine ğŸ¤ª
0,Houston,Tue Mar 05 12:14:17 +0000 2019,0.0,TX,@analuciafavela @CassieRandolph Stop ğŸ˜‚
1,Houston,Tue Mar 05 12:15:09 +0000 2019,0.0,TX,@SeattleCapture @CassieRandolph Yeah but Colton told her she didnâ€™t have to get engage and she still left !
2,Lemay,Tue Mar 05 15:01:03 +0000 2019,0.0,MO,@demi_burnett @madisonkemnerr Madison did you not like your femur???
3,Fort Mill,Tue Mar 05 15:26:28 +0000 2019,0.5,SC,Shouldnâ€™t we all be more concerned that @CassieRandolph is supposedly a â€˜speech pathologistâ€™ and was incapable of fâ€¦ https://t.co/WgGlqmKfwW
4,Huntsville,Tue Mar 05 15:40:47 +0000 2019,-0.31666666666666665,AL,Iâ€™m late on tweeting but seriously did anyone else get anxiety with the music choice during @TayshiaAdamsâ€™s date?  #TheBachelor
5,Middle Island,Tue Mar 05 23:32:05 +0000 2019,0.0,NY,@BachelorABC @colton @hannahg11 Home
6,Nacogdoches,Tue Mar 05 23:39:18 +0000 2019,0.3125,TX,Iâ€™m so ready for tonight @demi_burnett is going to kill it!! https://t.co/9ALNecEqPI
7,Cornelia,Tue Mar 05 23:40:59 +0000 2019,0.0,GA,@demi_burnett IS BACK ON MY TV TONIGHT https://t.co/sLY2bGYNkA
8,Warrenton,Tue Mar 05 23:53:37 +0000 2019,0.13636363636363635,VA,If they do another live acton Peter Pan Iâ€™m petitioning for @demi_burnett to play tinker bell
9,Sedalia,Tue Mar 05 19:04:56 +0000 2019,-0.15555555555555559,MO,#WomenTellAll is about to go down also ğŸ’¯ #TeamHannahB &amp; #TeamDemi @demi_burnett @hannahkbrown11
10,Napa,Tue Mar 05 19:16:20 +0000 2019,0.390625,CA,@CassieRandolph You knew you werenâ€™t ready!  You had no business being on this show!!
11,Tuscaloosa,Tue Mar 05 19:17:39 +0000 2019,0.16666666666666666,AL,I always thought @michellerando was the older sister but now itâ€™s come to my realization that @CassieRandolph is oldest??????
12,Hobbs,Tue Mar 05 19:46:08 +0000 2019,0.0,NM,You could literally watch @CassieRandolph face and emotions change when Colton told her that he didnâ€™t get her dadsâ€¦ https://t.co/T6xGslRGIp
13,Gilbert,Tue Mar 05 19:52:50 +0000 2019,0.8,AZ,@hotttmess012 @CassieRandolph I cheated and looked at the spoilers lol
14,Moorpark,Tue Mar 05 19:54:31 +0000 2019,0.0,CA,#FuckedUp @CassieRandolph ğŸ˜¥ Bachelor Nation was not emotionally prepared for Cassie to leave  https://t.co/e2cwW22KtK
15,St Louis,Tue Mar 05 20:13:36 +0000 2019,0.0,MO,@demi_burnett Twins foooshoooo
16,Gastonia,Tue Mar 05 20:35:54 +0000 2019,0.4,NC,@hulu will the women tell all be available?? I need to watch @demi_burnett and I donâ€™t have cable ğŸ˜­ğŸ˜­ğŸ˜­
17,Gilbert,Tue Mar 05 20:55:27 +0000 2019,0.8,AZ,@hotttmess012 @CassieRandolph Yeah lol
18,Vancouver,Tue Mar 05 20:56:24 +0000 2019,0.2,WA,The way @colton shows how much he cares about @CassieRandolph is literally the cutest thing ever &lt;3
19,Austin,Tue Mar 05 20:59:31 +0000 2019,0.16666666666666666,TX,Unpopular opinion: @CassieRandolph is coming back and winning the show next week. #TheBachelor
20,Brighton,Tue Mar 05 18:07:38 +0000 2019,-0.07142857142857144,NY,Iâ€™m so fucking sad @CassieRandolph left. ğŸ˜­ğŸ˜­ğŸ˜­ now @colton isnâ€™t gonna get the girls thatâ€™s right for him. #TheBatchelor
21,Starkville,Tue Mar 05 18:09:02 +0000 2019,-0.25,MS,@CassieRandolph where did you get your dress from last night iâ€™m freaking obsessed
22,Morgantown,Tue Mar 05 18:14:43 +0000 2019,0.0875,WV,Can I just say how excited I am for Women Tell All tonight? My girl @demi_burnett gonna destroy all yaâ€™ll with herâ€¦ https://t.co/eeIBhWRvSk
23,Paso Robles,Tue Mar 05 18:25:11 +0000 2019,0.0,CA,@_cbooty3 @CassieRandolph I hope she comes back ğŸ˜©
24,Missoula,Tue Mar 05 18:25:50 +0000 2019,0.0,MT,@TayshiaAdams for bachelorette pls
25,Gillette,Tue Mar 05 18:47:21 +0000 2019,-0.3,WY,"@CassieRandolph is literally me in a relationship 

feelings are confusing and sometimes you just have to make sureâ€¦ https://t.co/pamRzIA0HM"
26,Boynton Beach,Tue Mar 05 16:54:16 +0000 2019,0.0,FL,Itâ€™s been 12+ hours and I canâ€™t stop thinking about last nights episode of #thebachelor @colton @CassieRandolph I nâ€¦ https://t.co/Bt5tw9u2Ak
27,Cleveland Heights,Tue Mar 05 22:42:10 +0000 2019,0.0,OH,@KirpaSudick after #TheBachelore last night https://t.co/l4KisvuCUF
28,Fort Dodge,Tue Mar 05 22:49:39 +0000 2019,0.0,IA,@colton bet the fence jump wouldnâ€™t have happened if @caelynnmk made it to the endğŸ¤­
29,Rockland,Tue Mar 05 11:03:52 +0000 2019,0.2,MA,SOOOO much respect for @CassieRandolph (PS I still hope itâ€™s you in the end)
30,North Port,Tue Mar 05 11:47:06 +0000 2019,0.0,FL,@CassieRandolph I WAS ROOTING FOR UğŸ¤¯ğŸ˜­
31,Fremont,Tue Mar 05 11:52:47 +0000 2019,-0.15625,CA,@BacheloretteABC @BachelorABC I vote @TayshiaAdams for next #bachelorette ğŸ™‹ğŸ»â€â™€ï¸ğŸ™‹ğŸ¼â€â™€ï¸ğŸ™‹ğŸ¾â€â™€ï¸ I mean what guy wouldnâ€™tâ€¦ https://t.co/NQXBtxfKfK
32,Santa Monica,Tue Mar 05 21:06:54 +0000 2019,0.0,CA,@CassieRandolph https://t.co/tFY07ZEohD
33,Hueytown,Tue Mar 05 21:32:34 +0000 2019,0.0,AL,@CaitlynMarcus @LyssaJewel_ @colton @CassieRandolph sorry ğŸ˜‚ i read too many spoilers
34,Los Angeles,Tue Mar 05 17:04:22 +0000 2019,0.0,CA,Knowing @demi_burnett will be back on the screen tonight is whatâ€™s getting me thru the day #TheBachelor #DemiforBachelorette
35,Lewisville,Tue Mar 05 17:10:11 +0000 2019,0.125,TX,"Won't lie...I wasn't a fan of @demi_burnett at first, but now I literally cannot get enough of her! https://t.co/6s7iSXTD5Y"
36,Tuscaloosa,Tue Mar 05 17:13:21 +0000 2019,0.5,AL,"I talked with Hannah Brown about #TheBachelor, Alabama and finding love one day. https://t.co/tNLBT9IVdY"
37,Baton Rouge,Tue Mar 05 17:35:25 +0000 2019,1.0,LA,#TheBachelor Iâ€™m just not understanding why @caelynnmk was sent home.... SHEâ€™S LITERALLY PERFECT! Let me watch Mondâ€¦ https://t.co/BHqwSP2AMx
38,Tyler,Tue Mar 05 13:01:29 +0000 2019,0.0,TX,@CassieRandolph Cassie noooooo you cant leave him like that ğŸ˜­ğŸ˜­ğŸ˜­
39,Hammond,Tue Mar 05 13:08:12 +0000 2019,0.390625,IN,@aLin4490 @TheBachelorTV @CassieRandolph I have so much to say!!! ğŸ˜¤
40,Shreveport,Tue Mar 05 13:30:57 +0000 2019,0.0,LA,If you didnâ€™t cry last night for @colton and @CassieRandolph then you donâ€™t have a soul. #TheBatchelor
41,Melville,Tue Mar 05 13:34:22 +0000 2019,0.35,IL,@natttyb10 @CassieRandolph You really tryna get famous huh
0,San Antonio,Wed Mar 06 16:10:37 +0000 2019,0.0,TX,@demi_burnett the star of the show #WTA ğŸ‘ğŸ‘ğŸ‘
1,Spokane,Wed Mar 06 16:12:49 +0000 2019,0.0,WA,@ohhhhjocelyn @TheBachelorTV @demi_burnett turns out she can play up for three cameras too!
2,Tulsa,Wed Mar 06 16:29:46 +0000 2019,0.0,OK,Iâ€™m HERE for the @PopeMoysuh @demi_burnett ship!
3,Jefferson,Wed Mar 06 16:50:13 +0000 2019,0.0,GA,WTA just clarifies that @demi_burnett is my queen ğŸ‘‘
4,Lodi,Wed Mar 06 16:51:22 +0000 2019,0.0,CA,@demi_burnett @hannahg11 No you are
5,Lodi,Wed Mar 06 16:54:20 +0000 2019,0.0,CA,@demi_burnett Yes ma'am. That was uncalled for. Talk about immature.
6,Beacon Square,Wed Mar 06 14:00:55 +0000 2019,0.0,FL,"â€œI need a shot now!â€ -@demi_burnett 
My mood every day ğŸ˜‚ğŸ˜‚"
7,Queens,Wed Mar 06 14:03:52 +0000 2019,0.0,NY,@demi_burnett I donâ€™t know how you didnâ€™t beat that girls asss ! I wanted to for you.
8,Hillsboro,Wed Mar 06 14:05:22 +0000 2019,-0.138671875,TX,@demi_burnett Major props to you!! I would have sucker punched her!
9,Queens,Wed Mar 06 14:07:17 +0000 2019,0.3333333333333333,NY,@demi_burnett Good shit. I love you and I would have not known how to contain myself like you.
10,Tyler,Wed Mar 06 14:16:46 +0000 2019,0.0,TX,I need a copy of last nights #womantellall it was all gold and @demi_burnett is my spirit animal ğŸ˜‚ğŸ˜‚ğŸ˜‚ #day1demifan
11,Washington,Wed Mar 06 14:44:20 +0000 2019,-0.8,DC,@demi_burnett Oh STFU with your stupid virtue signaling drama. No wonder why I hate reality shows. Unfollowed.
12,Brooklyn,Wed Mar 06 14:58:35 +0000 2019,-0.5,NY,@emmalee_kate @demi_burnett If it aint Demi then wrong number
13,Manhattan,Wed Mar 06 12:48:38 +0000 2019,0.0,NY,"@amys_bus_ticket @caelynnmk Um no. These two things have nothing to do with one another, and to connect them is wilâ€¦ https://t.co/2WdyMQTHZ3"
14,Washington,Wed Mar 06 12:52:19 +0000 2019,0.5,DC,@RealitySteve @demi_burnett Okay youâ€™re done. @RealitySteve https://t.co/if1jiZeUpz
15,Sterling Heights,Wed Mar 06 15:05:51 +0000 2019,0.575,MI,"happy birthday hannahğŸŒi love you more than we love @BachelorABCğŸŒ¹, @colton ğŸ˜, @CassieRandolph ğŸ’ and tropical thingsâ€¦ https://t.co/oQhSU5UA3x"
16,Honolulu,Wed Mar 06 15:18:50 +0000 2019,0.2833333333333333,HI,@Blaire_Berto @CassieRandolph But thatâ€™s literally the whole point of the show. She couldâ€™ve found love normally buâ€¦ https://t.co/WId3QKnTU0
17,Honolulu,Wed Mar 06 15:26:34 +0000 2019,0.0,HI,@casey__weaver @LilNorNor @CassieRandolph Plus she called Kirpa names when she mentioned that she was UNSURE if Casâ€¦ https://t.co/gGZpwsdeaB
18,Huntsville,Wed Mar 06 15:29:48 +0000 2019,0.0,AL,Can me and @demi_burnett please be friends
19,Desoto,Wed Mar 06 15:40:15 +0000 2019,0.39285714285714285,TX,@demi_burnett You have way more self control than me boneega ğŸ˜‚ I wouldâ€™ve punted her ass right off that stage ğŸ¤·ğŸ¼â€â™€ï¸â€¦ https://t.co/V8UW7ybsEz
20,Crestview,Wed Mar 06 15:49:32 +0000 2019,0.6,FL,I need @demi_burnett &amp; @hannahkbrown11 to have their own show ğŸ˜‚ğŸ˜‚
21,Huntsville,Wed Mar 06 13:14:03 +0000 2019,0.0,TX,@demi_burnett Same!
22,Wildwood,Wed Mar 06 13:26:07 +0000 2019,0.0,MO,@demi_burnett That was a complement.
23,Morton,Wed Mar 06 13:53:22 +0000 2019,0.0,IL,"@KnuppelRodney @demi_burnett Iâ€™m waiting for you, boo."
24,Burke,Wed Mar 06 23:23:12 +0000 2019,-0.6,VA,"@demi_burnett is my fucking spirit animal, sheâ€™s that one friend that every girl should have  ğŸ‘ğŸ¼"
25,Harrison,Wed Mar 06 23:42:30 +0000 2019,0.0,AR,@demi_burnett is literally my fav ğŸ–¤ https://t.co/8qUO9ojYzH
26,St Martin,Wed Mar 06 22:22:55 +0000 2019,0.43333333333333335,MS,Just got to finally watch #womantellall and it just proves to me why @demi_burnett  and @hannahkbrown11  were the best ğŸ¤·ğŸ»â€â™€ï¸ğŸ™ğŸ¼
27,Ventura,Wed Mar 06 22:26:51 +0000 2019,0.375,CA,@demi_burnett Sinus infection over here too. Iâ€™m pretty sure itâ€™s going around LA and this area. Get some antibiotiâ€¦ https://t.co/6ZrkElNyZN
28,Princeton,Wed Mar 06 22:36:01 +0000 2019,0.35,OH,@caelynnmk thank you so much for sharing your story and letting people who have been sexually assaulted know that wâ€¦ https://t.co/NZ7AEtJT0c
29,Princeton,Wed Mar 06 22:36:01 +0000 2019,0.35,OH,@caelynnmk thank you so much for sharing your story and letting people who have been sexually assaulted know that wâ€¦ https://t.co/NZ7AEtJT0c
30,University,Wed Mar 06 22:47:36 +0000 2019,-0.2318181818181818,FL,i know ppl probably think sheâ€™s crazy but.. demi is my new spirit animal @demi_burnett
31,Middleborough Center,Wed Mar 06 22:54:12 +0000 2019,0.06666666666666667,MA,Why does everyone on #TheBachelor make love seem so serious? Everyone disliked @demi_burnett because she was fun anâ€¦ https://t.co/izOWws9zNS
32,Brooklyn,Wed Mar 06 21:31:26 +0000 2019,0.13636363636363635,NY,@nicolelovar @SydneyLotuaco @extratv + new contact photo
33,Dishman,Wed Mar 06 21:35:57 +0000 2019,0.0,WA,@demi_burnett  is my fave thing about #WomenTellAll
34,North Port,Wed Mar 06 21:53:52 +0000 2019,-0.39999999999999997,FL,"This is late bc I watched the Ep today but:

@demi_burnett did not deserve that ugly hoe shit Courtney pulled. Iâ€™dâ€¦ https://t.co/54hbvmNKU9"
35,Macomb,Wed Mar 06 19:12:40 +0000 2019,1.0,IL,@demi_burnett roasting Courtney IS THE BEST THING EVER. Iâ€™m dying ğŸ˜‚ğŸ˜‚ğŸ˜‚ğŸ˜‚
36,Indianapolis,Wed Mar 06 19:14:33 +0000 2019,-0.5,IN,"ğŸ“º #WomenTellAll Is @demi_burnett a lot? Maybe. But she was raised a country girl, and we arenâ€™t raised to be shy &amp;â€¦ https://t.co/kGGlaZ9Oqn"
37,Mesa,Wed Mar 06 19:24:46 +0000 2019,0.0,AZ,@taylornorman79 @demi_burnett batchelor
38,Indianapolis,Wed Mar 06 19:41:13 +0000 2019,0.14285714285714285,IN,"Can we jump ahead a week? @caelynnmk has to be the next #Bachelorette right, #BachelorNation ?"
39,Philadelphia,Wed Mar 06 17:11:46 +0000 2019,0.9099999999999999,PA,@demi_burnett. Hey what's up demi I think you are very good looking dave
40,Gilbert,Wed Mar 06 17:37:07 +0000 2019,0.0,AZ,@demi_burnett  you speak your damn mind girlfriend ğŸ’ƒğŸ¼ #TheBatchelor
41,Castle Pines,Wed Mar 06 17:54:45 +0000 2019,0.0,CO,"@hannahg11 The way she said, â€œI got itâ€ ğŸ˜"
42,Raleigh,Wed Mar 06 17:56:12 +0000 2019,0.0,NC,@hannahg11 is the cutest ever.
43,Columbus,Wed Mar 06 18:07:42 +0000 2019,0.0,OH,@demi_burnett  MADE this season of The Bachelor. I donâ€™t care what anyone else says.
44,DeLand,Wed Mar 06 18:10:58 +0000 2019,0.35,FL,@CassieRandolph damn .. i knew the whole time you would be the top pick. It blew me away how it turned out though .â€¦ https://t.co/UIe3Z7KTBm
45,DeLand,Wed Mar 06 18:12:49 +0000 2019,0.0,FL,@CassieRandolph @michellerando Music soothes the soul ğŸ˜ğŸ’¯ğŸ¤
46,Ann Arbor,Wed Mar 06 18:25:50 +0000 2019,0.0,MI,Iâ€™ve been watching #TheBachelor (donâ€™t judge) this season and all I want is for @demi_burnett to be the nextâ€¦ https://t.co/16aBLI6f45
47,Mount Pleasant,Wed Mar 06 18:37:09 +0000 2019,0.0,WI,@demi_burnett No.. but you can call me
48,Baytown,Wed Mar 06 18:52:42 +0000 2019,1.0,TX,If you donâ€™t love @demi_burnett unfollow me!!!!
49,Glasgow,Wed Mar 06 20:35:04 +0000 2019,0.0,DE,@caelynnmk Not one bit!
50,Philadelphia,Wed Mar 06 20:37:33 +0000 2019,0.7,PA,@demi_burnett Hey what's up demi I think you.very good looking
51,Philadelphia,Wed Mar 06 20:39:53 +0000 2019,0.9099999999999999,PA,@demi_burnett Hey what's up demi I think you are very good looking. Dave
52,Suwanee,Wed Mar 06 20:44:03 +0000 2019,0.0,GA,I have MADDDDDDD respect for @demi_burnett for not throwing hands when Courtney put that paci in her face cause I wâ€¦ https://t.co/VXHu5h3Kia
53,Nashville,Wed Mar 06 20:47:42 +0000 2019,0.0,TN,@demi_burnett Lawsuit
54,Levittown,Wed Mar 06 20:48:31 +0000 2019,0.465625,NY,"@BachelorABC @demi_burnett should be the next bachelorette...cmon major ratings, great entertainment, pick a good one this time !!"
0,Chelmsford,Thu Mar 07 23:24:58 +0000 2019,0.5333333333333333,MA,Catching up on the bachelor and I can confidently say that @demi_burnett is my favorite contestant ever.
1,Signal Hill,Thu Mar 07 20:39:13 +0000 2019,0.8,CA,@thaliam101 @colton @CassieRandolph Lol but theyâ€™re dating rn...
2,Clinton,Thu Mar 07 20:51:59 +0000 2019,1.0,MI,@demi_burnett best person everğŸ˜‚
3,Northport,Thu Mar 07 20:58:49 +0000 2019,0.0,AL,@BachelorABC @HaloTopCreamery ğŸ’–ğŸ’–ğŸ’– her !   Sheâ€™s a gem ~ @demi_burnett will be a ğŸ‘™ğŸ‘‘ in Paradise !
4,Signal Hill,Thu Mar 07 19:15:03 +0000 2019,0.25,CA,Wouldnâ€™t it be cute if next week @colton hopped the fence and ran to the airport to give @CassieRandolph that butteâ€¦ https://t.co/b3JSYbDNw2
5,Philadelphia,Thu Mar 07 19:27:21 +0000 2019,0.9099999999999999,PA,@demi_burnett. Hey what's up demi I think you are very good looking. dave
6,Ferry Pass,Thu Mar 07 17:07:37 +0000 2019,0.5,FL,If @demi_burnett gets interrupted one more time I hope she rips that weave out in all honesty
7,Ferry Pass,Thu Mar 07 17:10:13 +0000 2019,0.35,FL,"No, for real @demi_burnett has way more self control than me. I wouldâ€™ve literally attacked the girl on national teâ€¦ https://t.co/iad8YYxSP7"
8,Shively,Thu Mar 07 11:29:11 +0000 2019,0.0,KY,@TayshiaAdams â¤â¤â¤â¤
9,Fort Worth,Thu Mar 07 14:24:20 +0000 2019,0.0,TX,Someone pls get me in touch with @demi_burnett because I need a friend like her #TheBachelor
0,Windsor Locks,Fri Mar 08 21:56:01 +0000 2019,0.0,CT,@CassieRandolph I always pick a number 1 girl from the minute girls step out of the limo and you were my number oneâ€¦ https://t.co/L3rKxY0fkI
1,Windsor Locks,Fri Mar 08 22:26:18 +0000 2019,0.0,CT,@demi_burnett Just now watching the women tell all and I have to give you props because if that had been me who hadâ€¦ https://t.co/WpP2SWg5Gp
2,Rio Linda,Fri Mar 08 22:59:58 +0000 2019,-0.3,CA,"@trystineann @hannahg11 Who do you want to be the bachelorette??? I use to want Caelynn or Cassie, but lately I havâ€¦ https://t.co/riKkuKAGsi"
3,Knoxville,Fri Mar 08 17:56:06 +0000 2019,0.6,TN,So honestly why isnâ€™t @caelynnmk the bachelorette over Hannah b???  Unpopular opinion? Maybe. But Iâ€™m caelynn all tâ€¦ https://t.co/llbIDSk2JB
4,Suwanee,Fri Mar 08 18:30:49 +0000 2019,0.0,GA,@demi_burnett *attempts to stick a pacifier in your mouth* ğŸ¤£ğŸ¤£ SECURITY
0,Los Angeles,Sat Mar 09 15:23:50 +0000 2019,-0.5,CA,@2BlkGirls1Rose Katie Morton interview on podcast Here to Make Friends about that infamous conversation between Kaiâ€¦ https://t.co/pXNvD8DIGC
1,Amarillo,Sat Mar 09 20:58:10 +0000 2019,0.36190476190476195,TX,All I need in my life right now is for @CassieRandolph to decide to come back and win The Bachelor and forâ€¦ https://t.co/F1N9mJUQ5j
0,San Tan Valley,Sun Mar 10 21:02:47 +0000 2019,0.0,AZ,@CassieRandolph â—ï¸â—ï¸
1,Merrillville,Sun Mar 10 18:16:12 +0000 2019,0.0,IN,"@gagarianasgray @demi_burnett Me too, i feel like we would be bestfriends"
2,Orlando,Sun Mar 10 15:46:15 +0000 2019,-0.26666666666666666,FL,Nooooooo! Really? Sheâ€™s the worst! They picked her to be the next Bachelorette? ğŸ¤¦ğŸ¼â€â™€ï¸ It shouldâ€™ve been @caelynnmk
0,Thornton,Mon Mar 11 17:56:20 +0000 2019,0.1,CO,So I'm gonna go out with a wild guess and say somehow @colton ends up w/ @CassieRandolph. #BachelorNation #Bachelor
1,Boynton Beach,Mon Mar 11 19:45:24 +0000 2019,-0.7142857142857143,FL,Sick hours are being used all over the country tonight to see Coltonâ€™s destiny.  @BachelorABC @colton @CassieRandolph
2,Audubon,Mon Mar 11 23:28:40 +0000 2019,0.5,NJ,Okay hear me out... @caelynnmk and @balockaye_h ? ğŸ˜
3,El Paso,Mon Mar 11 20:25:34 +0000 2019,0.0,TX,@hellokatiemo https://t.co/7TBaPBuhQ2
0,Union,Tue Mar 12 17:27:36 +0000 2019,0.625,KY,"@Clare_Crawley @TayshiaAdams She has a boyfriend!  Went to Bahamas with!!  But, love her!"
1,Manhattan Beach,Tue Mar 12 17:51:05 +0000 2019,0.08333333333333333,CA,My prediction is it wasnâ€™t just â€œthe other girlsâ€ holding @CassieRandolph back. She was so excited to go home and â€œâ€¦ https://t.co/Ge4hkBGHhD
2,Lebanon,Tue Mar 12 17:51:38 +0000 2019,0.35,IL,i love my boy colton and all but @demi_burnett and that fence made this whole season.
3,El Segundo,Tue Mar 12 17:52:00 +0000 2019,0.0,CA,Also so hyped to hear #TheBachelorette announcement- predictions are @TayshiaAdams or @caelynnmk ğŸ™ğŸ¼
4,Parole,Tue Mar 12 14:08:54 +0000 2019,0.0,MD,@demi_burnett is my spirit animal
5,Brooklyn,Tue Mar 12 21:28:11 +0000 2019,0.5,NY,@demi_burnett we love a beauty queen ğŸ’–
6,Florence,Tue Mar 12 19:18:03 +0000 2019,0.0,AL,@ElyseDehlbom @TayshiaAdams @hannahg11 hey  Twitter me back
7,Jacksonville Beach,Tue Mar 12 19:42:11 +0000 2019,-0.37777777777777777,FL,"@BacheloretteABC Did @hannahg11 turn it down ???
So disappointing ğŸ¤ğŸ¤ğŸ¤ğŸ¤"
8,Jacksonville Beach,Tue Mar 12 19:45:50 +0000 2019,0.0,FL,@daniellemmaltby @hannahg11 I agree @hannahg11 for Bachlorette ğŸŒ¹ğŸŒ¹ğŸŒ¹ğŸŒ¹
9,Oakhurst,Tue Mar 12 19:47:54 +0000 2019,0.425,CA,Hannah Godwin is a precious sweet baby angel
10,Huntington,Tue Mar 12 20:05:35 +0000 2019,0.0,WV,i just wanna look like @hannahg11
11,Orlando,Tue Mar 12 20:51:34 +0000 2019,0.0,FL,So now that @TayshiaAdams is single...ğŸ˜
12,College Station,Tue Mar 12 16:46:27 +0000 2019,0.0,TX,@demi_burnett is goals. #teamdemi #thebachelor @thebachelorabc
13,DeLand,Tue Mar 12 12:20:54 +0000 2019,0.3,FL,This Colton Underwood Sighting Supposedly SpoilsÂ After The Final Rose https://t.co/SN70Vs7mZm @colton @CassieRandolph  ğŸ¤—ğŸ¤—
14,Nowata,Tue Mar 12 12:21:58 +0000 2019,0.6,OK,@TayshiaAdams You was my fav from the start ! You deserve so much more. Good luck to you.
15,Rockford,Tue Mar 12 12:45:07 +0000 2019,0.0,IL,@daniellemmaltby @hannahg11 Yes! #TeamHannahG
16,Aliso Viejo,Tue Mar 12 22:17:08 +0000 2019,0.0,CA,I just want @hannahg11 as the bachelorette ğŸ˜­
17,Houston,Tue Mar 12 22:20:41 +0000 2019,0.125,TX,"Thatâ€™s why @demi_burnett wore a yellow dress the first night of #TheBachelor 

Power moves since she stepped out ofâ€¦ https://t.co/2Q92wn116P"
18,Austin,Tue Mar 12 22:41:15 +0000 2019,0.0,TX,@demi_burnett ğŸ˜ğŸ˜ğŸ˜ğŸ˜
19,Prineville,Tue Mar 12 22:43:54 +0000 2019,0.16666666666666666,OR,"If @hannahg11 isnâ€™t the next bachelorette, Iâ€™ll be so sad sheâ€™s the best"
20,Katy,Tue Mar 12 22:54:53 +0000 2019,0.0,TX,Must be a sign @CassieRandolph @colton ğŸ‘‡ğŸ»ğŸ‘‡ğŸ»ğŸ‘‡ğŸ»ğŸ‘‡ğŸ»ğŸ‘‡ğŸ» #butterflies #TheBachelorFinale
21,Katy,Tue Mar 12 22:55:57 +0000 2019,0.0,TX,@MonicatheMedium Butterflies and #TheBachelorFinale? Must be a sign @CassieRandolph @colton https://t.co/SCUdBAKDx2
22,Pawleys Island,Tue Mar 12 23:12:11 +0000 2019,1.0,SC,#BachelorFinale Hereâ€™s wishing the best to @colton @CassieRandolph &amp; @ABCBachelorThe whatever happens in the end .â€¦ https://t.co/hAswSVGuYz
23,Nacogdoches,Tue Mar 12 23:14:43 +0000 2019,0.0,TX,@__Shanay @demi_burnett @demi_burnett ğŸ‘€ğŸ‘€
24,Beverly Hills,Tue Mar 12 23:15:03 +0000 2019,0.0,CA,@sam57445874 @CassieRandolph https://t.co/9PCn9tYkkp
25,Avon,Tue Mar 12 23:38:30 +0000 2019,0.0,IN,"Yes or No?? Is Cassie going to end up being into Colton? @BachelorABC @colton @chrisbharrison @CassieRandolph 
12 mâ€¦ https://t.co/o0iM5Ca3JU"
0,Desoto,Wed Mar 13 15:03:39 +0000 2019,0.0,TX,@demi_burnett Ima need you to beat my face for my maternity pictures ğŸ˜«ğŸ¤‘
1,Mission Viejo,Wed Mar 13 15:06:22 +0000 2019,0.0,CA,@JD_Arney @BachelorABC @colton @CassieRandolph Tayshia seemed like the only level headed woman there. She has it alâ€¦ https://t.co/a9EnTRqReT
2,Chicago,Wed Mar 13 15:11:21 +0000 2019,-0.6,IL,@paulafaris @BachelorABC @CassieRandolph Paula--I thought you were beyond this nonsense. Disappointing.
3,Cedar Park,Wed Mar 13 15:13:16 +0000 2019,0.95367431640625,TX,@honeybea1210 @TheView @jayleno @colton @CassieRandolph Hahaha!!!! Agree!!! ğŸ‘ğŸ½ğŸ‘ğŸ½ğŸ‘ğŸ½ğŸ‘ğŸ½ğŸ‘ğŸ½ğŸ‘ğŸ½ğŸ‘ğŸ½ğŸ‘ğŸ½ğŸ‘ğŸ½ğŸ‘ğŸ½ğŸ‘ğŸ½ğŸ‘ğŸ¾ğŸ‘ğŸ¾ğŸ‘ğŸ¾ğŸ‘ğŸ¾ğŸ‘ğŸ¾ğŸ‘ğŸ¾ğŸ‘ğŸ¾
4,Mission Viejo,Wed Mar 13 15:13:50 +0000 2019,-0.4,CA,@BrendaS98842002 @BachelorABC @colton @CassieRandolph I agree. It has changed the game though. Itâ€™s. IsThe Dating Gâ€¦ https://t.co/BViso9mdkc
5,Greer,Wed Mar 13 15:15:13 +0000 2019,0.0,SC,@demi_burnett @CassieRandolph https://t.co/Ykukf2V3dS
6,League City,Wed Mar 13 15:19:06 +0000 2019,-0.4,TX,@honeybea1210 @TheView @jayleno @colton @CassieRandolph Really tired of her comments on her privilege. There are maâ€¦ https://t.co/LyEvo0vyvd
7,Laguna,Wed Mar 13 15:31:38 +0000 2019,1.0,CA,@CassieRandolph @colton I'm so very happy for you.  God bless you both!
8,Orlando,Wed Mar 13 15:33:30 +0000 2019,0.35,FL,Me and Maisie predicted @CassieRandolph winning the whole thing on night one. Just sayin @BachelorABC @colton https://t.co/mJyLV7bQ4K
9,East Lansing,Wed Mar 13 16:00:43 +0000 2019,0.0,MI,I have 0 self confidence bc Cassie Randolph exists
10,Lorain,Wed Mar 13 16:14:31 +0000 2019,0.0,OH,@colton @CassieRandolph @conniemcorr
11,Huntley,Wed Mar 13 16:33:53 +0000 2019,0.4,IL,"@colton @CassieRandolph While I don't care for the emotional weckage this type a show leaves, I am so happy for youâ€¦ https://t.co/uxtPFmGc0G"
12,St Petersburg,Wed Mar 13 16:45:03 +0000 2019,0.0,FL,@CassieRandolph â€˜s style ğŸ‘ŒğŸ¼ğŸ‘ğŸ¼ğŸ™ŒğŸ¼
13,Harrison,Wed Mar 13 18:08:01 +0000 2019,0.6000000000000001,OH,@colton @CassieRandolph I picked her from Day one ... Extremely happy for you both ... Enjoy
14,Diamond Bar,Wed Mar 13 18:10:33 +0000 2019,0.7,CA,@colton @CassieRandolph Your happiness shines in every picture.
15,Santa Ana,Wed Mar 13 18:18:15 +0000 2019,0.375,CA,I love @CassieRandolph &amp; @colton together so much! ğŸ˜
16,Danville,Wed Mar 13 18:21:12 +0000 2019,0.1,VA,You could literally see the life come back into @coltonâ€™s eyes when @CassieRandolph kisses him and says she wants tâ€¦ https://t.co/oiY78Wk0d0
17,East Brunswick,Wed Mar 13 18:23:52 +0000 2019,-0.25,NJ,"@BachelorABC @colton @CassieRandolph Yes, me too! Sorry I wonâ€™t be watching next season."
18,Hoboken,Wed Mar 13 18:43:09 +0000 2019,0.5166666666666666,NJ,I whole heartedly believe @CassieRandolph is the most beautiful girl who was on this season @colton @BachelorABC
19,Bayou Cane,Wed Mar 13 18:47:23 +0000 2019,0.0,LA,@chuffy10 @colton @CassieRandolph I was kinda hoping tayshia was gonna be the bachelorette.
20,Manhattan,Wed Mar 13 22:32:07 +0000 2019,0.4000000000000001,NY,Hey @CassieRandolph &amp; @colton I will also be watching Frozen on Broadway tomorrow on a date too. Huge fan &amp; would lâ€¦ https://t.co/B7A27KyAhE
21,Bozeman,Wed Mar 13 22:35:26 +0000 2019,0.0,MT,@PeteReweetsDogs @HayBailes97 @demi_burnett @demi_burnett for bachelorette
22,Quincy,Wed Mar 13 22:49:50 +0000 2019,0.0,IL,I think @colton and @CassieRandolph broke it!! ğŸ˜‚ğŸ˜‚
23,Hapeville,Wed Mar 13 22:50:20 +0000 2019,0.0,GA,@demi_burnett Same
24,Westminster,Wed Mar 13 22:50:47 +0000 2019,0.0,CO,@maddycade @PeteReweetsDogs @demi_burnett Sheâ€™s a hoot too
25,Shamokin,Wed Mar 13 22:52:33 +0000 2019,0.25,PA,@BachelorABC @colton @CassieRandolph So happy for the 2 of you. Keep going as slow as you need to don't let anyoneâ€¦ https://t.co/dPRJGNYJ2x
26,Washington,Wed Mar 13 22:57:12 +0000 2019,0.0,DC,@demi_burnett Ummmm watch party?!
27,Brooklyn,Wed Mar 13 19:12:24 +0000 2019,0.0,NY,@Aliciaprideand @BachelorABC @colton @CassieRandolph She should have been bachelorette if Hannah wasnâ€™t
28,Swannanoa,Wed Mar 13 19:17:13 +0000 2019,0.0,NC,@kristisunshine3 @hannahg11@colton @chrisbharrison @BachelorABC Hannah G rulesğŸ¤˜Colton u need to kick Cassie to theâ€¦ https://t.co/jgGLw3ycqN
29,Freehold,Wed Mar 13 19:23:06 +0000 2019,0.2,NJ,@colton @CassieRandolph Trying to prove to America itâ€™s â€œrealâ€
30,Swannanoa,Wed Mar 13 19:26:21 +0000 2019,0.0,NC,"@kristisunshine3 @chrisbharrison @hannahg11
@colton @BachelorABC I totally agree! Cassie knew the rules be4 going oâ€¦ https://t.co/TuGMXFjOzM"
31,Swannanoa,Wed Mar 13 19:32:24 +0000 2019,0.0,NC,"@kristisunshine3 @hannahg11
@chrisbharrison @colton @BachelorABC Go get Hannah G like Arie did Lauren be4 itâ€™s 2 laâ€¦ https://t.co/dX8kZlWcYO"
32,Manhattan,Wed Mar 13 19:43:46 +0000 2019,0.0,NY,"@BritandCo @hannahg11 Yep,  chilvry still out there"
33,Swannanoa,Wed Mar 13 19:52:51 +0000 2019,-0.15555555555555559,NC,@hannahg11 @kristisunshine3 @colton @chrisbharrison @BachelorABC  Colton how could you ever turn down HannahG? I quâ€¦ https://t.co/L9KSc7sPSc
34,Kendall,Wed Mar 13 23:06:26 +0000 2019,0.7,FL,@hellokatiemo Youâ€™re gorgeous the end â¤ï¸
35,McKinney,Wed Mar 13 23:23:06 +0000 2019,0.48828125,TX,My husband and Iâ€™s first date after getting engaged was to nyc broadway Aladdin!!!  @colton @CassieRandolphâ€¦ https://t.co/6iV8ePKFBW
36,Orlando,Wed Mar 13 23:27:12 +0000 2019,0.5,FL,I am literally in love with @CassieRandolph and @colton relationship ğŸ˜ğŸ¥°
37,Smithfield,Wed Mar 13 23:34:22 +0000 2019,0.0,RI,@mamisammie17 @CassieRandolph @BachelorABC @colton AwÃ—wwwwwwwww
38,Wyncote,Wed Mar 13 23:41:25 +0000 2019,0.0,PA,@whatasheila @nysongbird @BachelorABC @colton @CassieRandolph And when he was asked if he would hop the fence for hâ€¦ https://t.co/HyDuJm6rUq
39,Wyncote,Wed Mar 13 23:43:08 +0000 2019,0.2,PA,@LindaC566 @Deaconalientoy @BachelorABC @colton @CassieRandolph Agreed. She was so reserved and guarded earlier inâ€¦ https://t.co/9A4aE2Wpft
40,Swannanoa,Wed Mar 13 20:02:44 +0000 2019,0.0,NC,"@kristisunshine3 @hannahg11
@chrisbharrison @colton @BachelorABC Cassie is still putting Colton off. She feels presâ€¦ https://t.co/djcuHwnsKi"
41,San Carlos,Wed Mar 13 20:05:49 +0000 2019,0.0,CA,@CassieRandolph please tell us what brand your leopard mules are!!!!!ğŸ™ğŸ™ğŸ™
42,Danvers,Wed Mar 13 20:10:27 +0000 2019,-0.0012121212121212106,MA,Why in the world isn't @demi_burnett the new Bachelorette? At least we'd all be highly entertained &amp; she wouldn't sâ€¦ https://t.co/GOsvWwo7he
43,Swannanoa,Wed Mar 13 20:12:41 +0000 2019,0.0,NC,"@kristisunshine3 @chrisbharrison @hannahg11
@BachelorABC 
HannahG should be the bachelorette... she deserves it wayâ€¦ https://t.co/IoLDwE7O9t"
44,Holmdel,Wed Mar 13 20:17:55 +0000 2019,0.5,NJ,I just want someone to love me like @colton loves @CassieRandolph.
45,Pearl Beach,Wed Mar 13 20:35:26 +0000 2019,1.0,MI,@CassieRandolph @colton Look how perfect he is @AnnemarieCampo
46,Midway,Wed Mar 13 20:40:42 +0000 2019,0.11666666666666668,FL,"I freaking love @CassieRandolph and @colton together, Iâ€™ve never loved a bachelor couple so much till now. ğŸ’™ğŸ¦‹"
47,Louisville,Wed Mar 13 20:46:17 +0000 2019,0.0,KY,@CassieRandolph #BUILDseries where are you in your speech pathologist journey? Graduated ? Plans to ?
48,Manhattan,Wed Mar 13 13:01:14 +0000 2019,0.43333333333333335,NY,Yall see coltons smile that shits cute cute ğŸŒ¹â¤ï¸ @colton @CassieRandolph #TheBachelor https://t.co/XdrjAnambI
49,Columbia,Wed Mar 13 13:04:19 +0000 2019,0.75,TN,@colton @CassieRandolph I have to admit I was skeptical...but I can see your love is real. So happy for you both!
50,Lexington,Wed Mar 13 13:35:13 +0000 2019,0.5859375,SC,@kaitlynbristowe I am excited for you and @Jason_Tartick !! Also @colton and @CassieRandolph
51,Visalia,Wed Mar 13 13:52:08 +0000 2019,0.0,CA,@CassieRandolph Totally agree
52,Valparaiso,Wed Mar 13 13:54:08 +0000 2019,1.0,IN,@colton @CassieRandolph Iâ€™m so happy for you two!
53,Las Vegas,Wed Mar 13 13:57:54 +0000 2019,-0.5,NV,@LiveKellyRyan @BachelorABC @colton @CassieRandolph TH0SE SH0WS ARE S0 TIRED!
54,Rockford,Wed Mar 13 21:13:02 +0000 2019,0.3,IL,@viallnicholas28 @demi_burnett That laugh though
55,Etna,Wed Mar 13 21:19:13 +0000 2019,-0.2727777777777778,OH,I feel like at the very least @CassieRandolph owes @KirpaSudick an apology for jumping down her throat that she tolâ€¦ https://t.co/rFxTfEcbyf
56,Monroe,Wed Mar 13 21:34:54 +0000 2019,-0.8,MI,@BachelorABC @colton @CassieRandolph Hate it @colton @CassieRandolph
57,Monroe,Wed Mar 13 21:35:19 +0000 2019,-0.4,MI,@BachelorABC @colton @CassieRandolph Worse bachelor ever @BachelorABC
58,Manhattan,Wed Mar 13 21:36:27 +0000 2019,-0.125,KS,@colton and @CassieRandolph are pefect for each other ğŸ˜ğŸ˜ğŸ˜#TheBachelor
59,Cary,Wed Mar 13 21:38:21 +0000 2019,0.5,NC,@demi_burnett U better go to paradise hor
60,Charlotte,Wed Mar 13 21:39:53 +0000 2019,0.75,NC,@bethvalletti @CassieRandolph @colton Impressed? Or wondering how many people saw that up close and wondered what wâ€¦ https://t.co/sciKvcK33w
61,San Jose,Wed Mar 13 21:42:04 +0000 2019,0.0,CA,I refuse to settle for someone until they look at me / talk about me / &amp; fight for me the way @colton does for @CassieRandolph ğŸ˜ğŸ’ğŸ˜
62,East Hills,Wed Mar 13 21:45:27 +0000 2019,0.625,NY,How Cassie Randolphâ€™s Family Feels About The Bachelorâ€™s Colton Underwood Now: â€˜They Love Him!â€™ https://t.co/1rxKIo0fYt via @people
63,West St Paul,Wed Mar 13 11:31:00 +0000 2019,0.0,MN,Why doesnâ€™t @CassieRandolph have a blue check mark yet?
64,Wayne,Wed Mar 13 14:00:49 +0000 2019,0.0,NE,@demi_burnett @CassieRandolph https://t.co/xHjR1bbQs3
65,Fort Worth,Wed Mar 13 14:01:34 +0000 2019,0.0,TX,@TheView @JoyVBehar @HuntsmanAbby @ananavarro @sunny @meghanmcain @BachelorABC @colton @CassieRandolph But Americaâ€¦ https://t.co/FWd1ZgVpUf
66,Rosenberg,Wed Mar 13 14:49:24 +0000 2019,0.0,TX,@MayraABC13 @KellyRipa @TheBachelorTV @CassieRandolph @colton https://t.co/aHXCCgGiEQ
67,Bay City,Wed Mar 13 14:53:56 +0000 2019,0.5,TX,Iâ€™m so in love with @CassieRandolph and @colton â¤ï¸ğŸ˜­
68,North Charleston,Wed Mar 13 12:07:17 +0000 2019,0.5,SC,I really hope @colton is happy for years to come. I worry based on the talk during the season that @CassieRandolphâ€¦ https://t.co/MqpoH5X40p
69,Byron,Wed Mar 13 12:20:59 +0000 2019,0.25,IL,@demi_burnett what's up? ;)
70,Hoboken,Wed Mar 13 12:23:35 +0000 2019,0.7125,NJ,Our conclusion of @colton journey to find his love @CassieRandolph ! Itâ€™s been a joy producing his journey for yâ€™alâ€¦ https://t.co/UeG05OVD77
71,Hoboken,Wed Mar 13 12:24:25 +0000 2019,0.7125,NJ,Our conclusion of @colton journey to find his love @CassieRandolph ! Itâ€™s been a joy producing his journey recaps oâ€¦ https://t.co/pWBMnWH4mA
72,Trenton,Wed Mar 13 17:03:26 +0000 2019,0.0,OH,@colton @CassieRandolph â¤â¤â¤â¤â¤
73,San Marcos,Wed Mar 13 17:06:33 +0000 2019,0.0,TX,I never watched the Bachelor but I saw Cassie Randolph on GMA and sheâ€™s definitely the prettiest person Iâ€™ve ever seen!!
74,Los Angeles,Wed Mar 13 17:52:20 +0000 2019,-0.45,CA,"@TayshiaAdams Just gonna assume they offered you the Bachelorette and you said, ""Fuck no"". Best of luck to you... yâ€¦ https://t.co/lPBTKWfqfJ"
75,Battle Creek,Wed Mar 13 17:58:28 +0000 2019,0.65,MI,Iâ€™ve loved @CassieRandolph since the first day of the seasonğŸ¥°ğŸ¤© so happy for them!!
0,Las Vegas,Thu Mar 14 16:30:00 +0000 2019,0.0,NV,"Thank you @VelstandGlenn, @JonasP_LVGEA, @HCC_Nevada, @NVDC123, @adpikelly, @pmoradkhan, Hannah Brown &amp; Jamie Cruzâ€¦ https://t.co/0e7WdO08bx"
1,Manhattan,Thu Mar 14 12:00:40 +0000 2019,0.4,NY,@SydneyLotuaco I canâ€™t imagine that happens much outside the LA â†”ï¸ NYC routes lol
2,Irmo,Thu Mar 14 12:28:54 +0000 2019,0.75,SC,@CassieRandolph so glad u ended up with him because I thought u two were perfect together!!! Time will make things work
3,Folsom,Thu Mar 14 12:39:39 +0000 2019,0.7,PA,Picture how good looking @colton &amp; @CassieRandolph â€˜s babies will be ... ğŸ˜­ğŸ˜
4,Leominster,Thu Mar 14 21:09:14 +0000 2019,0.0,MA,@CassieRandolph is @KristinCavâ€™s twin!!!!
5,Houston,Thu Mar 14 21:14:03 +0000 2019,0.0,TX,@BeckiRuther @AJJR88 @BachelorABC @colton @CassieRandolph https://t.co/LCaPpRaxhl
6,Oshkosh,Thu Mar 14 23:07:53 +0000 2019,0.0,WI,Should have been @demi_burnett
7,Lodi,Thu Mar 14 23:26:21 +0000 2019,0.0,CA,@demi_burnett @viallnicholas28 I think you should peel soma his layers back and show him your dream closet gurl. I luv u
8,Los Alamitos,Thu Mar 14 13:14:45 +0000 2019,-0.625,CA,Iâ€™m seriously obsessed with @colton  and @CassieRandolph! Cutest couple ever. I felt like I was watching a fairytalâ€¦ https://t.co/top6AngGd7
9,Angier,Thu Mar 14 15:05:48 +0000 2019,0.25,NC,@BachelorABC @colton @CassieRandolph I love them too. Is it possible for you to tell me what brand of shirt @coltonâ€¦ https://t.co/80Au50vCU5
10,West St Paul,Thu Mar 14 15:18:09 +0000 2019,0.0,MN,I saw @CassieRandolph wearing a cheetah scrunchie...so I bought a cheetah scrunchie #fetch https://t.co/EG1pVT8IbD
11,Chico,Thu Mar 14 15:26:19 +0000 2019,0.0,CA,@demi_burnett Watch my makeup video ğŸ¥° https://t.co/nghkp1SbTd
12,Arvada,Thu Mar 14 15:58:36 +0000 2019,0.0,CO,I still just want to know how @CassieRandolph can just ditch out on SLP school like this for the bachelor...meanwhiâ€¦ https://t.co/b6kenFzSe3
13,San Jose,Thu Mar 14 18:19:58 +0000 2019,0.13636363636363635,CA,I think we all know Tayshia should have been the new bachelorette @TayshiaAdams ğŸ˜
14,Staten Island,Thu Mar 14 18:37:52 +0000 2019,0.75,NY,"@BachelorABC @CassieRandolph @colton ğŸ’– ğŸ’™  I love â¤ï¸ Cassie &amp; Colton together they are by Far,the very Best ğŸŒŸ â­ï¸ couâ€¦ https://t.co/RdJe5WgNDL"
15,Staten Island,Thu Mar 14 18:44:58 +0000 2019,0.0,NY,"@melssy7 @sadunk12 @BachelorABC @CassieRandolph @colton I bet ğŸ‘ğŸ» &amp; agree!!! ğŸ‘ğŸ»  I think ğŸ¤” Cassie, ğŸ’– Colton ğŸ’™ did itâ€¦ https://t.co/tT1V4OQ2vv"
16,Staten Island,Thu Mar 14 18:48:32 +0000 2019,0.0,NY,"@44MYPRZ @BachelorABC @CassieRandolph @colton I always did,I respect her for her decisions &amp; itâ€™s called integrity!!!"
17,Newark,Thu Mar 14 22:55:30 +0000 2019,0.85,NJ,Youâ€™re so beautiful @CassieRandolph ğŸ¥°ğŸ˜
18,Tampa,Thu Mar 14 20:15:27 +0000 2019,0.0,FL,@CassieRandolph @BachelorABC Bet you break in under a month
19,Bronx,Thu Mar 14 14:18:02 +0000 2019,0.0,NY,Hey @CassieRandolph where's that photo you were gonna tweet
20,Manhattan,Thu Mar 14 14:34:08 +0000 2019,0.5,NY,So cute together!ğŸ’• #TheBachelor @colton @CassieRandolph
21,Beckley,Thu Mar 14 14:35:50 +0000 2019,-0.5,KY,IM OBSESSED ğŸ˜ğŸ˜ğŸ˜ @CassieRandolph @colton
0,San Francisco,Fri Mar 15 18:46:49 +0000 2019,0.0,CA,@tonyyyyyvu @CassieRandolph @Arielle
1,Bowling Green,Fri Mar 15 12:00:03 +0000 2019,0.4166666666666667,KY,@colton @FrozenBroadway @PattiMurin @CassieRandolph First date but you was ready to put a ring on it?? Lol
2,La Crosse,Fri Mar 15 12:21:35 +0000 2019,0.5,WI,"I love @colton and @CassieRandolph like, itâ€™s okay to leave the bachelor and NOT BE ENGAGED. Everybody loves and moâ€¦ https://t.co/t2mTuZmVK2"
3,Nashville,Fri Mar 15 12:47:01 +0000 2019,0.6785714285714286,TN,@CassieRandolph &amp; @colton..GOALS right here! Much love to you both! Your smiles are contagious!!!
4,Mount Pleasant,Fri Mar 15 23:01:38 +0000 2019,0.25,WI,@colton @CassieRandolph I didn't realize how big of a height difference there is between you two.. y'all are adorable ğŸ¥°
5,Sandy Springs,Fri Mar 15 23:12:11 +0000 2019,0.625,GA,@CassieRandolph This is just so cute! Cute couple. Hope yall make it!
6,Los Angeles,Fri Mar 15 23:36:58 +0000 2019,0.103515625,CA,@demi_burnett @PaulParmar1 @CassieRandolph @colton Cassie! I LOVE your gold necklace with the little bars! where can I find!
7,Knoxville,Fri Mar 15 23:41:34 +0000 2019,0.375,TN,@brookemiccio @colton @CassieRandolph But like they werenâ€™t allowed to post about it? And now are excited to. Likeâ€¦ https://t.co/V6hfU4tVyn
8,Morehead City,Fri Mar 15 23:48:12 +0000 2019,0.5,NC,@CarolineLynette @BachelorABC Dude Iâ€™m just like @CassieRandolph and @colton love is so PUREEEEE!!!!!!ğŸ˜ğŸ˜­ And yes liâ€¦ https://t.co/G8RgwOc5Jf
9,Tallahassee,Fri Mar 15 23:49:49 +0000 2019,0.0,FL,@BachelorABC @CassieRandolph @colton She is not into him
10,Morehead City,Fri Mar 15 23:52:37 +0000 2019,-0.3,NC,@CarolineLynette @BachelorABC @CassieRandolph @colton I feel like I unknowingly do that anyway ğŸ˜‚  At least I wouldâ€¦ https://t.co/o5GPNi2mFd
11,Huntington,Fri Mar 15 19:42:41 +0000 2019,1.0,WV,@CassieRandolph be my best friend plz #SLPstobe baby
12,Huntington,Fri Mar 15 19:43:12 +0000 2019,1.0,WV,@CassieRandolph be my best friend plz .. #SLPs2Be
13,Chandler,Fri Mar 15 22:52:43 +0000 2019,0.0,AZ,@terynslade @hannahbrownleee Done.
14,Concord,Fri Mar 15 21:17:14 +0000 2019,-0.5,NC,I check insta every 2 minutes to see if @CassieRandolph and @colton have posted anything. Obsessed? No not at all.
15,Los Angeles,Fri Mar 15 21:31:27 +0000 2019,0.75,CA,"@caelynnmk youâ€™ll always have our rose! ğŸŒ¹ #pixster #photobooth .
.
.
.
.
.
#bachelor #bachelorette #picofthedayâ€¦ https://t.co/6gbEaWXpik"
16,Chicago,Fri Mar 15 20:42:57 +0000 2019,0.0,IL,@CassieRandolph Thank you thank you thank for these ğŸ¥°ğŸ¥°ğŸ¥°ğŸ™„
17,Concord,Fri Mar 15 20:54:28 +0000 2019,-0.4,CA,@demi_burnett Sounds like a Reality show game
18,Staten Island,Fri Mar 15 16:30:08 +0000 2019,0.0,NY,@CassieRandolph I think you need these ğŸ¦‹ hint hint @colton ğŸ˜‰
19,Port Neches,Fri Mar 15 15:21:28 +0000 2019,0.3181818181818182,TX,"I live for the pictures of @colton and @CassieRandolph on insta, so dang cute togetherrrrr ğŸ¥°"
20,Philadelphia,Fri Mar 15 15:35:13 +0000 2019,0.0,PA,"@CassieRandolph Are U continuing with your grad school enrollment? As a fellow SLP, wondering how your program wasâ€¦ https://t.co/GZ8si3DVBi"
21,Colorado Springs,Fri Mar 15 15:38:05 +0000 2019,0.6,CO,@colton and @CassieRandolph are going to have the most gorgeous kids Iâ€™ve ever seen
22,Highlands Ranch,Fri Mar 15 17:10:31 +0000 2019,0.0,CO,@TimesSquareNYC @PattiMurin @CassieRandolph @colton Cc @LifeAtPurdue
23,Manhattan,Fri Mar 15 17:48:19 +0000 2019,0.6882812500000001,NY,@colton @CassieRandolph yâ€™all where are you in NYC my friends and i are huge fans weâ€™d love to congratulate you!!!
0,Sarversville,Sat Mar 16 22:18:39 +0000 2019,0.0,PA,@demi_burnett @jamescharles Now this is a collab I wanna see
1,Shively,Sat Mar 16 22:37:18 +0000 2019,-0.025,KY,also shout out @CassieRandolph for the outfit inspoğŸ¥° long white sleeve turtleneck with mom jeans
2,Reno,Sat Mar 16 16:42:11 +0000 2019,0.07471590909090908,NV,@demi_burnett @CassieRandolph @colton In the words of @kaitlynbristowe itâ€™s a weird beautiful little word you live in
3,Anaheim,Sat Mar 16 15:50:29 +0000 2019,0.0,CA,@demi_burnett let ya girl know
4,Lake Charles,Sat Mar 16 19:22:11 +0000 2019,-1.0,LA,That poor cat!!!! @CassieRandolph you and @colton need to teach this boy!!
5,University Park,Sat Mar 16 14:19:59 +0000 2019,0.15,FL,@CassieRandolph okay so I know you're not a beauty guru but I'm gonna need an everyday hair/makeup routine from youâ€¦ https://t.co/Uc4dzc5hEO
6,Burlington,Sat Mar 16 14:45:36 +0000 2019,0.0,MA,@CassieRandolph ğŸ˜‚ğŸ˜‚ğŸ˜‚
7,Lander,Sat Mar 16 14:53:59 +0000 2019,0.5,WY,"@CassieRandolph Too many red-eyes and appearances on tv shows, hugging everyoneğŸ¥´ Get well soon!ğŸ¥£ğŸ’Šâ¤ï¸"
8,Lander,Sat Mar 16 14:58:17 +0000 2019,-0.2,WY,@CassieRandolph Time to put the blue tick behind yours and Coltonâ€™s nameğŸ˜Š
9,Lexington,Sat Mar 16 21:18:55 +0000 2019,0.0,SC,@cassieandcolton @colton @CassieRandolph https://t.co/KXeW8m78d2
10,San Diego,Sat Mar 16 17:03:57 +0000 2019,0.5,CA,HE STILL CARRIES THE BUTTERFLY IN HIS POCKET @CassieRandolph @colton ğŸ˜­ğŸ˜­ğŸ˜­ğŸ˜­ğŸ˜­ğŸ˜­ğŸ˜­ğŸ˜­ğŸ˜­ğŸ˜­ğŸ˜­ love winsâ¤ï¸  @BachelorABC
0,Findlay,Sun Mar 17 23:44:13 +0000 2019,0.4869791666666667,OH,@colton @CassieRandolph Seriously cannot get over how cute yâ€™all are together!! So glad youâ€™re both happy!
1,Racine,Sun Mar 17 19:07:23 +0000 2019,0.375,WI,@colton @CassieRandolph I love you both so much!
2,Tampa,Sun Mar 17 15:51:28 +0000 2019,0.375,FL,@chrisbharrison @CassieRandolph So glad you guys are involving Christian contestants more and more. And even the neâ€¦ https://t.co/NCF5LEOh76
3,Huntington Beach,Sun Mar 17 20:08:53 +0000 2019,0.0,CA,@colton @CassieRandolph wya Iâ€™m trynna link up at the beach rn!!??
4,Lynchburg,Sun Mar 17 20:51:42 +0000 2019,0.0,VA,"@colton not knowing how to play/interact with cats, geeks me ğŸ˜‚ @CassieRandolph"
5,Livonia,Sun Mar 17 13:02:52 +0000 2019,0.0,MI,@colton @CassieRandolph But this time you actually eat the food in front of you instead of eating beforehand &amp; haviâ€¦ https://t.co/iECJk2DKvn
6,Houston,Sun Mar 17 13:04:03 +0000 2019,0.0,TX,@demi_burnett @AlabamaHannah
7,Houston,Sun Mar 17 13:30:23 +0000 2019,0.0,TX,"i aspire to be as articulate and gracious as my queens,   @therachlindsay, @tayshiaadams and @hannahg11."
8,Houston,Sun Mar 17 13:33:35 +0000 2019,0.0,TX,"i aspire to be as articulate and gracious as my queens, @therachlindsay, @tayshiaadams and @hannahg11."
9,Houston,Sun Mar 17 13:34:25 +0000 2019,0.28125,TX,@TayshiaAdams @Disney thereâ€™s honestly no other appropriate compliment ??
10,Chesterfield,Sun Mar 17 13:34:47 +0000 2019,1.0,MI,@CassieRandolph Colton looks like your daddy.  Best choice!
11,Houston,Sun Mar 17 13:39:39 +0000 2019,0.0,TX,@demi_burnett Lmaoooo
12,Duluth,Sun Mar 17 21:09:23 +0000 2019,0.0,MN,@symbolicsides @demi_burnett Me too! ğŸ˜‚
13,Merritt Island,Sun Mar 17 16:07:34 +0000 2019,1.0,FL,"@CassieRandolph So happy it all worked out! On another note, that food looks awesome!!!"
14,Staten Island,Sun Mar 17 14:12:09 +0000 2019,0.2,NY,Really didnt realize @CassieRandolph  #BachelorABC   Was in #youngonce
15,Bay Hill,Sun Mar 17 14:58:20 +0000 2019,0.0,FL,@colton @CassieRandolph #notherefortherightreasons #worstseasonever
0,Prairie View,Mon Mar 18 15:18:12 +0000 2019,0.0,TX,"Greetings my fellow panthers , This is Hannah Brown and she am running to be your 2019-2020 Miss SophomoreğŸ‘‘! Her plâ€¦ https://t.co/0HF3dTANnt"
1,Lehigh Acres,Mon Mar 18 19:20:27 +0000 2019,0.0,FL,@CassieRandolph can you teach me sign language ?
2,Dallas,Mon Mar 18 16:51:34 +0000 2019,0.0,TX,@demi_burnett help ya girl Hannah B out ğŸ˜­
3,Louisville,Mon Mar 18 16:55:34 +0000 2019,-1.0,KY,@colton @CassieRandolph  welp Mondayâ€™s will be boring now. And my sons math teacher brian Bowles is elim already with hannah. So blah!
4,Lakewood,Mon Mar 18 23:05:53 +0000 2019,0.0,CA,So last night I saw @colton and @CassieRandolph in HB and I was like omg @aubreyy_rose look itâ€™s Colton and Cassieâ€¦ https://t.co/1ZQMVJpkyQ
5,Allentown,Mon Mar 18 23:33:12 +0000 2019,0.0,PA,@_pinkprobz_ @colton @CassieRandolph Congratulations!
6,Tuscaloosa,Mon Mar 18 13:44:12 +0000 2019,0.0,AL,"In an exclusive interview, I spoke with Hannah Brown about â€œThe Bachelorette,â€ what her type is and where in Tuscalâ€¦ https://t.co/R8wWNboB4k"
7,Tuscaloosa,Mon Mar 18 13:48:48 +0000 2019,0.0,AL,"In an exclusive interview, I spoke with Hannah Brown talked about #TheBachelorette, what she looks for in a man andâ€¦ https://t.co/rNuhh7Jx0W"
8,San Diego,Mon Mar 18 20:59:37 +0000 2019,0.0,CA,"if i donâ€™t get to meet @CassieRandolph &amp; @colton at the beach this summer, I WILL CRY"
